661422,2879295,3980900,pv,1511679072
564226,541964,4756105,pv,1511679072
277991,3968124,2578647,pv,1511679072
675716,3321880,3312150,pv,1511679072
994966,1853476,3253210,cart,1511679072
391981,2010122,4756105,pv,1511679072
237578,5157868,982926,pv,1511679073
412681,4988453,2355072,pv,1511679073
932875,3139742,4756105,pv,1511679073
562379,2491786,149192,pv,1511679073
352237,2569177,2885642,pv,1511679073
494169,2128342,2355072,pv,1511679073
320045,3472541,3002561,cart,1511679073
563152,4177034,1051370,cart,1511679073
600978,901408,4039865,pv,1511679073
173071,1308691,171529,pv,1511679073
728818,4327132,362151,pv,1511679073
867461,3057248,4801426,pv,1511679073
529374,765198,3886822,pv,1511679073
186070,324302,2735466,pv,1511679073
572918,3863859,1320293,pv,1511679073
875787,4741468,3607361,pv,1511679073
392041,1180830,149192,pv,1511679073
254694,1791346,2520771,pv,1511679073
489589,2596143,4159072,pv,1511679073
691161,138349,982926,pv,1511679073
853993,1413109,4672807,pv,1511679073
473078,4452260,1029459,pv,1511679073
134061,3722079,4135836,pv,1511679074
600834,977689,285583,pv,1511679074
709893,1448001,2779062,pv,1511679074
314041,3752189,1073768,pv,1511679074
726334,3154594,2465336,pv,1511679074
50442,1553398,4801426,cart,1511679074
216054,238855,3607361,pv,1511679074
381425,4075960,4357323,pv,1511679074
968639,3638672,4138583,pv,1511679074
950522,3007410,4731191,pv,1511679074
778403,1813380,863375,pv,1511679074
8889,428205,341057,pv,1511679074
249845,4961929,1573465,pv,1511679074
154557,3520504,2355072,pv,1511679074
440114,1234080,2158079,pv,1511679075
122196,1291065,2154669,pv,1511679075
523674,3194409,715487,pv,1511679075
222648,5118146,1275696,pv,1511679075
773574,405139,1879194,pv,1511679075
772612,3099298,4801426,pv,1511679075
560259,4928849,982926,pv,1511679075
287507,3840397,4756105,pv,1511679075
109387,4977167,4801426,pv,1511679075
161864,4353052,3776866,pv,1511679075
78081,5022772,257909,pv,1511679075
478912,1094717,3975787,pv,1511679075
104680,3732442,4086613,pv,1511679075
507276,1895867,3898483,pv,1511679075
949654,522766,2355072,pv,1511679075
362948,5159858,1320293,pv,1511679076
652167,3758965,235534,pv,1511679076
693222,4697210,1879194,pv,1511679076
261217,2092028,154040,pv,1511679076
528848,3107723,1080785,fav,1511679076
132533,2790543,3158249,pv,1511679076
414578,3322126,2520377,pv,1511679076
61057,3360483,4756105,pv,1511679076
228252,3819555,200278,pv,1511679076
10943,1974020,339305,pv,1511679076
794289,872820,2520377,pv,1511679076
913636,2251451,222819,cart,1511679076
453292,3959901,5030562,pv,1511679076
394788,2303556,128749,pv,1511679076
957215,5087218,1299190,pv,1511679076
13958,261416,3002561,fav,1511679077
417835,892666,2355072,pv,1511679077
971788,1475278,2355072,pv,1511679077
130185,3245292,4801426,pv,1511679077
508112,123747,4918438,pv,1511679077
493689,2816683,982926,pv,1511679077
445746,2286099,845650,pv,1511679077
633370,1992230,2465336,pv,1511679077
811537,1357522,3459562,pv,1511679077
561998,4836875,1879194,pv,1511679077
877644,3797901,4924524,pv,1511679077
75078,4467302,1807416,pv,1511679077
561240,5005880,411153,pv,1511679077
411518,3651788,339580,pv,1511679077
833603,3573806,3002561,pv,1511679077
769902,899962,3253357,pv,1511679077
865252,3003760,4217906,pv,1511679077
779819,464679,2885642,cart,1511679077
794515,674881,4217906,pv,1511679078
356829,1050941,4733463,pv,1511679078
900234,1081187,4051859,pv,1511679078
95770,4198298,2939262,pv,1511679078
88469,4565755,1080785,pv,1511679078
513840,3146394,1573426,pv,1511679078
387335,4349526,846990,cart,1511679078
394659,760139,3829657,pv,1511679078
766064,5086721,3002561,cart,1511679078
210864,2138439,2366905,pv,1511679078
613983,1178067,3800818,pv,1511679078
941193,2726168,3738615,pv,1511679078
40320,3257629,3189935,pv,1511679078
923296,1806289,2355072,pv,1511679078
29367,1216671,4733463,pv,1511679078
686225,2516825,750949,pv,1511679079
195761,1338851,4082778,pv,1511679079
75696,3425730,1464116,pv,1511679079
845745,4013752,1051370,pv,1511679079
657692,2514065,3751366,pv,1511679079
205220,4880130,1464116,pv,1511679079
737798,2465800,1595193,pv,1511679079
899254,4324729,4181361,pv,1511679079
294231,2679503,2131531,pv,1511679079
556181,87001,2201685,pv,1511679079
809165,444378,927764,pv,1511679079
922298,428355,4304606,pv,1511679079
681334,3998008,2520377,pv,1511679079
862586,569374,3607361,pv,1511679079
574023,4230105,703487,pv,1511679079
1005299,2821054,982926,pv,1511679079
577429,4990360,1851156,pv,1511679079
775913,3918687,550660,pv,1511679079
262961,1952529,2013232,pv,1511679079
17843,949810,4756105,pv,1511679079
258851,947607,2370324,pv,1511679080
134786,369245,4006013,pv,1511679080
89748,4105058,3607361,pv,1511679080
462634,890656,1575622,pv,1511679080
385651,4108563,874415,pv,1511679080
309367,3254883,2419959,pv,1511679080
325055,1370828,2520377,pv,1511679080
493895,4389345,2982027,cart,1511679080
882793,4018654,4339722,pv,1511679080
83318,4032512,2520771,pv,1511679080
26128,1927830,4086613,pv,1511679080
589091,2585771,149192,pv,1511679080
94799,2964016,903809,pv,1511679081
598388,4575179,339305,pv,1511679081
443938,4129060,2520377,pv,1511679081
687389,4095932,3112817,pv,1511679081
320638,50975,384755,pv,1511679081
411658,3597438,3607361,pv,1511679081
809144,3617485,1320293,pv,1511679081
63343,1388751,2885642,pv,1511679081
383981,4748352,4145813,pv,1511679081
466131,2111454,570735,pv,1511679081
968572,604636,4756105,pv,1511679081
638312,4157308,245312,pv,1511679081
903283,3109500,4086613,pv,1511679081
622745,5108868,2982027,pv,1511679081
861866,1571873,4181361,pv,1511679081
105202,270163,4756105,pv,1511679081
912778,4498514,4801426,pv,1511679081
582821,3254796,3645362,pv,1511679082
639018,4366498,4801426,pv,1511679082
940642,4430494,2520377,pv,1511679082
494164,2306660,2520377,pv,1511679082
773574,1615356,4170419,pv,1511679082
589627,380164,1879194,pv,1511679082
693222,1299615,1879194,pv,1511679082
234409,980072,737184,pv,1511679082
249506,1043873,4756105,pv,1511679082
614688,2478797,2558244,pv,1511679082
193516,1462641,2361828,pv,1511679082
272683,4479081,4672807,pv,1511679082
923296,954226,2355072,pv,1511679082
543482,1943780,2355072,pv,1511679082
456700,2164749,3833912,pv,1511679082
670945,4962010,1299190,fav,1511679082
899992,4268742,941949,pv,1511679082
6209,1110439,2926020,pv,1511679083
975493,648927,2939262,pv,1511679083
450740,4700329,285583,pv,1511679083
261203,4834931,2529187,pv,1511679083
298135,4119860,401765,pv,1511679083
835635,2237082,1029459,pv,1511679083
360780,516850,2885642,pv,1511679083
325461,4187022,2529187,pv,1511679083
836880,2047347,2735466,pv,1511679083
395674,1626082,1471163,pv,1511679083
927638,4088289,4580532,pv,1511679083
85594,3538958,174239,pv,1511679083
36201,85272,753984,pv,1511679083
558577,5077848,2945933,pv,1511679083
309119,2093593,381850,pv,1511679083
557910,906808,1051370,pv,1511679083
44133,4902689,1817077,buy,1511679083
692071,809714,3015852,pv,1511679083
243207,1194629,411153,pv,1511679083
19122,2265611,4181361,pv,1511679083
254868,2971949,3738615,pv,1511679084
265100,4295423,4962280,pv,1511679084
109590,3076525,3645362,pv,1511679084
781199,325006,739426,pv,1511679084
211415,1798795,2520377,pv,1511679084
415812,680256,2832009,pv,1511679084
696845,3616298,753984,pv,1511679084
371916,1033476,4672807,pv,1511679084
282500,4028609,2640118,pv,1511679084
45588,4758086,2982027,pv,1511679084
235995,4692821,1305897,pv,1511679084
24778,2253490,4756105,pv,1511679085
117035,51366,2616773,pv,1511679085
895235,730980,4022701,pv,1511679085
816577,1444258,2735466,pv,1511679085
873585,1180328,570735,pv,1511679085
182834,2846966,2611027,pv,1511679085
472548,3091165,3002561,buy,1511679085
785235,134475,1207887,pv,1511679085
671980,336893,2520377,pv,1511679085
594954,2369901,982926,pv,1511679085
732869,5119955,2355072,pv,1511679085
537028,3185555,154040,pv,1511679085
866815,1266204,3530487,pv,1511679085
616392,2191095,2735466,pv,1511679085
892811,2612359,2649368,pv,1511679085
11262,776864,1615537,pv,1511679085
777003,2600073,2885642,pv,1511679086
660392,402513,2014414,pv,1511679086
174790,1405161,3459562,pv,1511679086
687489,5000993,1189158,pv,1511679086
1016711,1112522,1464116,cart,1511679086
764366,175997,3343095,buy,1511679086
845883,356448,570735,pv,1511679086
38816,2712164,2440115,pv,1511679086
953118,2630410,2735466,pv,1511679086
578948,2058269,3720767,pv,1511679086
861866,1928065,4181361,fav,1511679086
548040,2467411,1320293,pv,1511679086
426896,2622729,2194744,pv,1511679087
813478,1517352,381850,pv,1511679087
33368,3137980,570735,pv,1511679087
63923,4820098,3004853,cart,1511679087
763541,148277,2572604,pv,1511679087
674574,292674,634390,cart,1511679087
33524,1477278,4145813,pv,1511679087
205657,1138183,3002561,pv,1511679087
714918,448625,4756105,pv,1511679087
870270,4846076,4145813,pv,1511679087
226942,2900928,4690421,pv,1511679087
150119,2455175,4756105,pv,1511679087
694926,4979534,1368970,pv,1511679087
244928,2279428,2303546,pv,1511679087
131579,1985674,982926,pv,1511679087
430533,3001624,2355072,pv,1511679087
877049,4660496,2885642,pv,1511679087
300519,1841510,4339722,pv,1511679087
281932,3998570,3787157,pv,1511679087
834293,2244575,3068858,pv,1511679087
807220,2597569,846990,pv,1511679087
405502,4000473,982926,pv,1511679088
984777,2070872,982926,pv,1511679088
802123,3785896,1464116,pv,1511679088
522359,1820135,2158079,pv,1511679088
808180,4528472,2030976,pv,1511679088
49743,1529358,4145813,pv,1511679088
925835,113324,3002561,pv,1511679088
378236,735563,3177764,pv,1511679088
801294,739365,2520377,pv,1511679088
807032,2750746,3975787,pv,1511679088
754474,496007,2355072,pv,1511679088
719103,1834906,3607361,pv,1511679088
96435,575189,1730162,pv,1511679088
605758,1177028,4145813,pv,1511679088
939413,2160607,3673501,pv,1511679088
298100,3725213,2466971,pv,1511679089
139649,1123241,3738615,pv,1511679089
489598,1205274,58836,pv,1511679089
910695,5008398,2640118,pv,1511679089
277839,1893439,3826089,pv,1511679089
628639,651402,3105438,pv,1511679089
843711,1167218,2964603,pv,1511679089
580506,2691038,1320293,pv,1511679089
375639,4139586,2520771,pv,1511679089
542765,102752,2520377,pv,1511679089
989065,4315197,4145813,pv,1511679089
447430,134871,4145813,pv,1511679089
916415,5066945,384755,pv,1511679089
364676,407033,2885642,buy,1511679089
575130,2814426,4145813,pv,1511679089
11347,1438351,4509358,cart,1511679089
548130,1092652,1074254,pv,1511679089
145060,1764011,2228184,pv,1511679090
138043,2757022,1277467,pv,1511679090
926011,3270313,2578647,pv,1511679090
584365,3779125,102272,pv,1511679090
481544,3814465,4181361,pv,1511679090
396832,4726568,2191219,pv,1511679090
717394,593629,4756105,pv,1511679090
203838,3077733,4870077,pv,1511679090
889716,4645547,4801426,pv,1511679090
310255,2283166,4993094,pv,1511679090
508313,366506,267209,pv,1511679090
626817,4590321,4756105,pv,1511679090
855373,1478778,2452793,pv,1511679090
336482,301285,2102739,pv,1511679090
290319,3338741,1080785,pv,1511679090
970233,412404,428367,pv,1511679090
782653,5155997,267209,pv,1511679090
942266,4158453,3496816,pv,1511679090
74651,4432727,5071267,pv,1511679091
760188,3866925,2640118,pv,1511679091
348315,565900,2342116,pv,1511679091
661139,1184420,1320293,pv,1511679091
314177,1644279,550660,pv,1511679091
93351,4613468,4847838,pv,1511679091
941927,3257919,982926,pv,1511679091
702436,1319555,3607361,pv,1511679091
244031,129514,4756105,pv,1511679091
894070,2838319,1879194,cart,1511679091
186413,3032345,2131531,pv,1511679091
285019,1336042,2465336,pv,1511679091
836405,4772034,4170419,pv,1511679091
768239,3272278,4095810,pv,1511679091
79129,4423959,2735466,cart,1511679091
21464,1544541,4756105,pv,1511679091
381063,969434,866301,pv,1511679091
435404,54889,2465336,pv,1511679091
549906,3609488,4756105,cart,1511679091
579770,3937479,1567637,pv,1511679091
675445,4313511,4697972,pv,1511679092
600856,1514649,2355072,pv,1511679092
565922,4463275,4896062,pv,1511679092
581575,5081507,4958794,pv,1511679092
820583,5026059,384755,pv,1511679092
815176,1475296,4355436,pv,1511679092
133699,2509115,4801426,pv,1511679092
51045,2120027,4145813,pv,1511679092
341216,3425133,3002561,pv,1511679092
700458,2364679,4756105,pv,1511679092
737798,3757219,1595193,pv,1511679092
460017,2742138,1080785,pv,1511679092
363066,651020,3112817,pv,1511679092
837442,2558835,3624696,pv,1511679092
673456,1303717,4181361,pv,1511679092
1004652,98258,2465336,pv,1511679093
936803,53495,2465336,pv,1511679093
824662,2852330,3738615,cart,1511679093
596318,4454301,4918438,pv,1511679093
696273,3342186,982926,pv,1511679093
981838,1342955,982926,cart,1511679093
70537,4657581,2465336,pv,1511679093
528006,4828228,2033408,pv,1511679093
353955,2655294,381850,pv,1511679093
504053,1283085,4357323,pv,1511679093
718970,4200014,4159072,pv,1511679093
182051,1722130,3436852,pv,1511679093
396602,4870728,5053508,pv,1511679093
417234,506102,171529,cart,1511679093
372565,4215773,3108044,pv,1511679093
932525,840405,3645362,pv,1511679093
892307,766046,2465336,pv,1511679094
552085,4525576,753984,cart,1511679094
302077,1319407,344221,fav,1511679094
662202,4502040,2465336,pv,1511679094
850658,956976,4152994,pv,1511679094
695493,2137494,1693998,pv,1511679094
73548,3479612,2476560,pv,1511679094
302828,4837651,2578647,pv,1511679094
106300,2462166,4022701,pv,1511679094
519531,888744,2476560,pv,1511679095
576425,178235,1869802,pv,1511679095
279952,1864921,4756105,pv,1511679095
556963,953299,154040,pv,1511679095
610337,1962782,982926,pv,1511679095
771988,1900986,1299190,pv,1511679095
504714,669196,1994940,pv,1511679095
389714,5086539,2858794,pv,1511679095
662736,853569,1994940,pv,1511679095
556834,1324631,982926,pv,1511679095
414711,2540197,2465336,pv,1511679095
529070,1544934,155172,pv,1511679095
742665,23354,1216617,pv,1511679095
746825,40243,1807416,pv,1511679095
594987,3896198,2579035,cart,1511679096
494278,2883579,4559624,pv,1511679096
938082,3951264,553365,pv,1511679096
448038,1893109,3865465,pv,1511679096
370540,1261595,3312150,pv,1511679096
87320,2377011,4801426,pv,1511679096
797326,3569047,149192,pv,1511679096
179043,2625787,2459106,pv,1511679096
908361,552690,1521068,pv,1511679096
489833,4954365,1016735,pv,1511679096
719159,3203458,3607361,pv,1511679096
302754,1206378,2355072,pv,1511679096
505355,3780926,643645,pv,1511679096
177758,4182683,2520377,pv,1511679097
425463,619249,3607361,pv,1511679097
614103,2443618,238434,pv,1511679097
441541,3875355,3002561,pv,1511679097
126256,140247,903809,pv,1511679097
510727,1845541,1994940,pv,1511679097
671845,1539550,3805065,pv,1511679097
584634,2867204,3607361,pv,1511679097
550770,3936745,2465336,pv,1511679097
146273,2032088,1320293,pv,1511679097
502057,1638526,5003455,pv,1511679097
602848,25066,4163659,pv,1511679097
33638,1863944,154040,pv,1511679097
1064,2617440,3108044,pv,1511679097
925060,3821924,4756105,pv,1511679097
173430,644600,5071267,pv,1511679097
874366,4954254,2667323,pv,1511679097
537306,3289466,1464116,pv,1511679098
614061,244811,330316,pv,1511679098
671850,541371,2355072,pv,1511679098
162551,3896675,3232473,pv,1511679098
862999,2301686,3607361,pv,1511679098
463911,4198298,2939262,pv,1511679098
481446,290726,1516409,cart,1511679098
475324,3661690,4181361,pv,1511679098
17547,4562481,5125081,cart,1511679098
564946,309462,4918438,pv,1511679098
139457,1613614,2640118,pv,1511679098
281605,115910,2355072,pv,1511679098
436306,2184262,21059,pv,1511679098
180846,2409964,2131531,pv,1511679098
377114,4647569,4145813,pv,1511679098
901619,3213174,4181361,pv,1511679098
160010,3516932,4145813,pv,1511679098
97258,1867884,3864364,buy,1511679098
398034,1245085,3834955,pv,1511679098
472179,1361836,4672807,pv,1511679099
649356,4220318,3002561,pv,1511679099
942053,734189,1789614,pv,1511679099
547186,162088,3607361,pv,1511679099
97110,2362716,2778281,pv,1511679099
950950,4882511,4723396,buy,1511679099
685375,3691596,1505776,cart,1511679099
257183,3288029,2887965,pv,1511679099
409298,3527510,4145813,pv,1511679099
74529,3255351,2465336,pv,1511679099
870580,256321,2440115,pv,1511679099
679478,3150492,3002561,pv,1511679099
338158,4973108,2515942,pv,1511679099
954964,998153,3277224,pv,1511679099
700869,3305655,3598912,pv,1511679099
62584,2808056,672001,pv,1511679099
669103,3051082,737184,pv,1511679099
21740,976747,1080785,pv,1511679100
327258,1427434,5071267,pv,1511679100
683358,1582232,4801426,pv,1511679100
388034,4500183,4145813,pv,1511679100
357057,5051675,2122530,pv,1511679100
442337,1743402,3607361,pv,1511679100
997721,1935741,3738615,pv,1511679100
589627,3672623,1879194,pv,1511679100
1017834,3317389,5053508,pv,1511679100
873837,3215156,903809,pv,1511679100
828910,1944842,3102560,pv,1511679100
294675,3464655,1851156,pv,1511679100
201400,301717,1320293,pv,1511679100
661139,3014920,982926,pv,1511679100
406748,4249782,2520771,pv,1511679100
155320,3542678,4357323,pv,1511679100
461764,3436728,2561712,pv,1511679100
527261,1821482,2671397,pv,1511679100
224175,3524516,2735466,pv,1511679100
337222,243035,3002561,pv,1511679101
663098,1590992,411153,pv,1511679101
332927,3438195,4962280,pv,1511679101
49503,1881446,154040,pv,1511679101
247724,3344507,245312,buy,1511679101
574887,4182569,1879194,pv,1511679101
215115,4206616,4173315,cart,1511679101
693979,2866281,2462567,pv,1511679101
212136,2781839,1426835,pv,1511679101
1012611,940196,3607361,pv,1511679101
280939,904804,1320293,pv,1511679101
926511,3914203,3065645,pv,1511679101
95211,2386065,3252144,pv,1511679101
125517,3172409,4042890,cart,1511679101
863517,1035043,1379146,pv,1511679101
558912,3395839,4801426,pv,1511679101
420898,4565339,2419959,pv,1511679101
615836,3924413,4763051,pv,1511679101
977934,2543726,886203,cart,1511679101
133306,1164090,4357323,pv,1511679102
883032,1848520,2520377,pv,1511679102
716265,2338574,1478169,cart,1511679102
679478,3150492,3002561,pv,1511679102
477643,1669786,1729993,pv,1511679102
405057,4113159,238434,pv,1511679102
803856,3632034,3404739,pv,1511679102
145439,2707915,4181361,pv,1511679102
250481,2930613,3898483,pv,1511679102
649169,620561,4181361,pv,1511679102
414378,4093102,2355072,pv,1511679102
67028,3280608,4551473,pv,1511679102
164225,4465261,4919077,pv,1511679102
103024,1814576,2966303,pv,1511679102
1004226,76582,753984,pv,1511679103
464922,3954740,3519978,pv,1511679103
645078,4936104,381850,pv,1511679103
920944,566121,2465336,pv,1511679103
534228,4544120,982926,pv,1511679103
386967,4327534,4672807,pv,1511679103
584437,973280,982926,pv,1511679103
407473,4506616,1879194,pv,1511679103
772869,1536744,1575622,pv,1511679103
876635,84691,982926,pv,1511679103
770760,333835,1320293,pv,1511679103
586500,265632,1051370,pv,1511679103
329741,449379,481472,pv,1511679103
814489,1512393,4145813,pv,1511679103
263432,1447341,2355072,pv,1511679103
64802,4906022,84264,pv,1511679103
545357,2757854,4756105,pv,1511679103
282302,441179,4145813,pv,1511679103
414412,2382979,4606718,pv,1511679104
156735,4824629,1029459,pv,1511679104
869944,726421,2342116,pv,1511679104
384865,863495,570735,pv,1511679104
388883,4574838,5099474,pv,1511679104
770226,295057,2735466,cart,1511679104
474059,1900402,4756105,pv,1511679104
876270,4955919,4589142,pv,1511679104
368357,2060422,4217906,pv,1511679104
596661,4565977,1051370,pv,1511679105
708957,3437878,3371868,cart,1511679105
705449,2085927,2181935,pv,1511679105
198524,755733,2920476,pv,1511679105
1016441,936992,1320293,pv,1511679105
604504,1766563,3002561,pv,1511679105
207765,5099779,4357323,pv,1511679105
353606,2269122,1349561,pv,1511679105
741623,1708426,2733371,cart,1511679105
549528,5039082,4462359,pv,1511679105
431439,2491368,2735466,pv,1511679105
730427,999437,135038,pv,1511679105
466105,4478175,4684862,pv,1511679105
730660,5009314,2013864,pv,1511679105
834047,3443164,4794845,pv,1511679105
604614,2372787,869231,pv,1511679105
256392,2939604,982926,pv,1511679105
737798,1366267,1595193,pv,1511679105
253400,3993467,2355072,fav,1511679106
964858,4197982,149192,pv,1511679106
874059,675159,4801426,cart,1511679106
1002594,1163632,4756105,pv,1511679106
214319,4680335,3985610,pv,1511679106
19918,1121574,4789432,pv,1511679106
19214,3691738,1568197,pv,1511679106
304909,2953286,2465336,pv,1511679106
622922,891530,366112,pv,1511679106
531363,207994,4756105,pv,1511679106
976500,1866283,2096639,pv,1511679106
932156,2714213,2520377,pv,1511679106
933758,1082824,2020240,pv,1511679106
198170,4017605,3220984,pv,1511679106
23717,1685870,2982027,pv,1511679106
40052,2372914,5053508,pv,1511679106
75814,1341621,1320293,pv,1511679106
430905,1629479,1879194,cart,1511679106
187039,1859883,2355072,pv,1511679106
714492,81864,1026507,pv,1511679106
537265,2233137,2702525,pv,1511679107
86534,5120477,344833,pv,1511679107
781191,2051625,4918438,pv,1511679107
388004,4951040,4606718,pv,1511679107
614225,5003764,4756105,pv,1511679107
378456,1893968,4874384,pv,1511679107
12381,4102044,4756105,pv,1511679107
709278,1264276,2735466,pv,1511679107
911944,1492019,883960,pv,1511679107
501744,3183419,4597130,cart,1511679107
614400,4939879,4801426,pv,1511679107
938806,4689668,2640118,pv,1511679107
726161,4091349,3607361,pv,1511679107
96901,3216931,1910923,pv,1511679107
147201,2544504,2520771,pv,1511679108
142709,116199,4364882,pv,1511679108
818571,2995520,3002561,pv,1511679108
383615,3468194,50601,pv,1511679108
931923,1924527,3879308,pv,1511679108
692418,569986,381850,pv,1511679108
490169,1901572,3496816,pv,1511679108
762923,399034,2774299,pv,1511679108
477857,1284998,2746972,pv,1511679108
1006823,832570,2945933,pv,1511679108
35505,4690898,982926,pv,1511679108
433631,1212978,1765288,pv,1511679108
203233,175977,3848953,pv,1511679108
675987,4367622,1349561,pv,1511679108
513840,4801496,1573426,pv,1511679108
451520,4447575,3002561,pv,1511679108
52554,257436,4145813,pv,1511679108
626443,3328967,2479420,pv,1511679108
524987,2515828,2684959,pv,1511679108
217100,1534645,1320293,cart,1511679108
940642,1240284,2520377,pv,1511679108
887786,3121602,3607361,pv,1511679109
460822,4521916,4181361,pv,1511679109
109953,500886,3607361,cart,1511679109
24866,2068941,3547172,pv,1511679109
280209,4621306,2419959,pv,1511679109
957757,4454368,2465336,pv,1511679109
462634,4548173,4606718,pv,1511679109
149986,913989,3103283,pv,1511679109
756931,3719663,4625363,pv,1511679110
916759,3732752,3607361,pv,1511679110
98617,2363580,3002561,pv,1511679110
18037,2439186,3607361,pv,1511679110
714492,1700443,1026507,pv,1511679110
618409,4847875,800190,buy,1511679110
288982,3143527,4391936,pv,1511679110
866216,1338006,2096639,pv,1511679110
618409,1541799,800190,buy,1511679110
335136,1622511,4882154,pv,1511679110
364118,4255680,982926,pv,1511679110
817815,4414867,553365,pv,1511679110
647029,2488541,3800818,cart,1511679110
934772,2812501,4921805,pv,1511679111
347852,5157971,751494,pv,1511679111
45640,3520504,2355072,pv,1511679111
68885,3845095,4298656,pv,1511679111
477942,3114225,321567,pv,1511679111
948790,373205,2926020,pv,1511679111
763541,246579,1299190,pv,1511679111
133411,3364308,2792484,pv,1511679111
460178,1878303,4148053,pv,1511679111
256561,2505263,982926,cart,1511679111
944308,598241,4159072,pv,1511679112
426218,3500958,4731191,fav,1511679112
379482,4732575,1879194,pv,1511679112
355076,2558644,4801426,pv,1511679112
606214,1225438,2096639,pv,1511679112
156407,4561255,3607361,fav,1511679112
331330,3162909,4672807,pv,1511679112
521944,4605255,4756105,pv,1511679112
642727,2110356,2321441,pv,1511679112
461459,3596850,2465336,pv,1511679112
22571,5092411,2948269,pv,1511679112
774267,4096009,4078249,pv,1511679112
762836,1036148,2355072,pv,1511679112
297082,3428495,1080785,cart,1511679112
392041,3468748,2877672,fav,1511679112
654251,56861,285583,pv,1511679112
159130,3052429,2805193,pv,1511679112
706587,998153,3277224,pv,1511679112
1014162,1985686,4138583,pv,1511679112
918490,1864179,1963052,pv,1511679112
520574,4521156,3607361,pv,1511679112
375746,3937332,3320579,pv,1511679112
374252,3718490,475867,pv,1511679112
424282,1245881,4145813,pv,1511679113
669895,930400,2425725,pv,1511679113
500755,1900482,4357323,pv,1511679113
961513,2617634,4756105,pv,1511679113
375107,551768,3123784,pv,1511679113
982402,3907620,2885642,pv,1511679113
958667,1630302,2355072,pv,1511679113
555483,3516795,4696710,pv,1511679113
53303,1349917,2355072,pv,1511679113
720817,2924229,1568197,pv,1511679113
745816,2512562,4003932,pv,1511679113
907708,1912858,2939262,pv,1511679113
793952,3460333,4181361,pv,1511679113
666179,3362948,2832009,pv,1511679113
845566,305449,4756105,pv,1511679113
9572,3168734,3681810,pv,1511679113
556511,3284377,1320293,pv,1511679113
784912,1471839,4789674,pv,1511679113
112084,3294805,1029459,pv,1511679113
1008871,4619235,3102419,pv,1511679114
932333,1823048,4134433,pv,1511679114
637931,4365582,2355072,pv,1511679114
735575,3073611,1483715,pv,1511679114
849292,1364946,2515942,pv,1511679114
911803,2721078,1859277,pv,1511679114
841153,3199018,801221,cart,1511679114
931785,3161850,2920476,pv,1511679114
45099,2691816,4170419,pv,1511679114
953765,637102,4217906,pv,1511679114
135439,4943060,1349561,pv,1511679114
764823,2471472,3299155,pv,1511679114
998301,398011,1320293,cart,1511679114
156318,4743400,3209590,pv,1511679114
587766,2536727,820597,pv,1511679115
16632,4912858,4148053,fav,1511679115
194258,3013539,982926,pv,1511679115
341216,1434910,3002561,pv,1511679115
976050,2739530,2520377,cart,1511679115
984972,2914406,3065645,pv,1511679115
912778,1250851,1080785,pv,1511679115
336055,3522776,2558244,pv,1511679115
621250,3472890,4602841,pv,1511679115
525699,812329,4145813,pv,1511679115
687804,4574175,154040,pv,1511679115
8977,130965,3160926,pv,1511679116
333960,1405546,2858794,pv,1511679116
24562,3737940,2578647,pv,1511679116
727583,305214,21059,pv,1511679116
726903,2022995,4220691,pv,1511679116
1008958,4339631,1275696,pv,1511679116
125517,1247649,893651,cart,1511679116
638704,1658205,2735466,cart,1511679116
596318,1847008,4918438,pv,1511679116
448191,2895369,3738615,pv,1511679116
325738,2887571,4690421,pv,1511679116
841253,2571651,4606718,pv,1511679116
897923,157348,3002561,fav,1511679116
426904,928493,4242717,pv,1511679116
116773,3996217,4145813,pv,1511679116
493702,5071326,1320293,pv,1511679116
156777,3238168,4756105,pv,1511679116
346298,4627111,1050007,pv,1511679116
3579,1892400,2508553,buy,1511679116
536722,4107129,4476428,pv,1511679117
574176,299530,4244487,pv,1511679117
754474,2095102,4801426,pv,1511679117
7806,2411503,4756105,pv,1511679117
1008959,179531,1275696,pv,1511679117
777354,1333236,2355072,pv,1511679117
203752,1817520,1859277,pv,1511679117
129384,3804614,2520377,pv,1511679117
356651,5069371,3002561,pv,1511679117
769382,2987917,200278,pv,1511679117
27592,3093317,1008362,buy,1511679117
375424,1882976,2578647,pv,1511679117
470077,2253474,2520377,pv,1511679117
979176,1075975,64179,pv,1511679117
830569,310445,171529,pv,1511679117
137883,215086,4145813,pv,1511679117
246281,1863177,2462567,pv,1511679117
723660,4086372,67918,pv,1511679117
763560,4636380,3004853,pv,1511679117
434608,943975,4801426,pv,1511679117
86528,4737009,982926,pv,1511679117
1007420,1862777,4801426,pv,1511679118
318121,3371921,2355072,pv,1511679118
923857,983219,4145813,pv,1511679118
501170,1591432,2096639,pv,1511679118
156169,4876800,4801426,pv,1511679118
361185,4103949,4756105,pv,1511679118
960691,4907289,1068933,fav,1511679118
942076,1391746,2885642,pv,1511679118
583452,2035174,3189162,pv,1511679118
512533,3291206,2355072,pv,1511679118
138470,4936393,1464116,pv,1511679118
965483,4210925,3459562,pv,1511679118
550785,1126356,2629787,pv,1511679118
316179,2671642,1464116,pv,1511679118
726303,2621011,3002561,pv,1511679118
69590,4157274,4145813,cart,1511679118
13790,4086451,4643350,pv,1511679118
718477,2050087,941949,cart,1511679118
359837,3359177,1829804,cart,1511679119
642727,4376408,2321441,pv,1511679119
203266,656733,2629787,pv,1511679119
981880,1043508,4962280,pv,1511679119
780825,3148057,2355072,pv,1511679119
931785,3876339,2520377,pv,1511679119
660499,2091279,2465336,fav,1511679119
479230,1945098,2465336,pv,1511679119
518280,642735,2465336,pv,1511679119
536722,3813568,4476428,pv,1511679119
435404,2603862,2465336,pv,1511679119
849486,47128,1438507,pv,1511679119
996607,3482573,1729993,pv,1511679119
542979,555833,4801426,pv,1511679119
804954,2265856,2926020,pv,1511679120
689350,4332347,3791831,pv,1511679120
490612,1759582,2885642,pv,1511679120
726980,2519026,4557641,pv,1511679120
784199,1000406,1073768,pv,1511679120
942265,4215803,3607361,pv,1511679120
265730,3368034,3002561,pv,1511679120
996187,4823792,913035,pv,1511679120
863033,4348683,3002561,pv,1511679120
636270,4758386,149192,pv,1511679120
153187,2432986,411153,pv,1511679120
508130,2006438,4244487,pv,1511679120
314019,2310530,2465336,pv,1511679120
926522,2994194,4145813,pv,1511679120
837771,4472912,2030976,pv,1511679120
683802,2515066,874415,pv,1511679121
636267,3605831,4605315,pv,1511679121
671850,3966235,2520377,pv,1511679121
321115,2279598,1080785,pv,1511679121
1013690,4724845,1050007,pv,1511679121
768414,3078716,3299155,pv,1511679121
129992,950154,4339722,pv,1511679121
406765,3705512,4437368,pv,1511679121
693688,2625701,1320293,pv,1511679121
518432,2357219,2735466,pv,1511679121
923996,1595039,5053508,pv,1511679121
925060,602599,3002561,pv,1511679121
784915,3254950,902556,cart,1511679121
984615,3607808,359388,pv,1511679121
61564,2815481,4357323,cart,1511679121
782402,2050970,4690421,pv,1511679121
409757,3176136,4145813,pv,1511679121
687858,3474677,4789432,pv,1511679122
372206,225747,2520377,pv,1511679122
261217,2092028,154040,pv,1511679122
912734,3124086,5045733,pv,1511679122
565572,1244727,570735,pv,1511679122
336055,2020792,1792277,pv,1511679122
507507,306729,3975787,pv,1511679122
22712,327048,4850194,pv,1511679122
139457,639893,2640118,pv,1511679122
613421,1726763,3121949,pv,1511679122
939413,381822,3673501,pv,1511679122
205643,4239530,2520377,fav,1511679122
881952,650799,235534,pv,1511679122
1009688,1649625,4145813,pv,1511679122
837259,4595268,1029459,pv,1511679122
203127,4057602,1379146,pv,1511679122
450288,1620562,753984,pv,1511679122
744337,805007,2465336,pv,1511679122
277906,1947111,4801426,pv,1511679122
917248,1008911,4801426,pv,1511679123
321096,3492115,4756105,pv,1511679123
444003,2602989,4151801,pv,1511679123
772351,1235190,4654786,pv,1511679123
826443,4181852,2520377,pv,1511679123
200693,3826629,3002561,pv,1511679123
754311,3365233,801221,pv,1511679123
213951,2413110,3189162,pv,1511679123
866603,150562,4145813,pv,1511679123
236743,1073622,2486578,pv,1511679123
124123,4745795,1635194,pv,1511679124
105593,4168994,4364882,pv,1511679124
957321,4359295,982926,pv,1511679124
942765,1687734,411153,pv,1511679124
202695,64804,1320293,pv,1511679124
211017,3839893,3607361,pv,1511679124
40052,420956,5053508,pv,1511679124
850521,114822,2465336,pv,1511679124
381063,399739,866301,pv,1511679124
185439,803955,1136776,fav,1511679124
306892,4758614,1275696,pv,1511679124
464597,1167819,4801426,pv,1511679124
906801,3053394,4173315,pv,1511679124
730712,592777,1464116,cart,1511679124
562354,1393372,4756105,pv,1511679124
209038,4600543,1789614,pv,1511679124
220617,2188895,5086533,pv,1511679124
889009,1760506,3767409,pv,1511679125
661393,1349182,3034658,pv,1511679125
653156,1207059,3189162,pv,1511679125
242329,461966,4697972,buy,1511679125
159194,199757,4801426,pv,1511679125
298143,4848388,4789432,pv,1511679125
973612,4834731,4145813,pv,1511679125
833203,2884383,1349561,pv,1511679125
663230,1152875,2640118,pv,1511679125
743714,1580909,466400,pv,1511679125
202908,978286,2355072,fav,1511679125
383728,4858950,4901188,pv,1511679125
518378,2632271,1051370,pv,1511679125
182121,2222232,4595580,pv,1511679125
234064,3134576,2885642,pv,1511679125
922602,4860864,2465336,pv,1511679125
865988,3677865,982926,pv,1511679125
460492,1692483,2355072,pv,1511679125
865325,4446981,4870077,pv,1511679125
414992,4229692,4512393,fav,1511679125
989992,3634465,1792277,cart,1511679125
1000051,1949455,4181361,pv,1511679126
75663,4450440,2640118,pv,1511679126
805277,667893,1265358,pv,1511679126
122751,1085856,4756105,pv,1511679126
583468,547160,4357323,pv,1511679126
479705,141098,3962843,cart,1511679126
310255,4225304,4993094,pv,1511679126
196819,3839349,3759918,pv,1511679126
22071,3996217,4145813,pv,1511679126
25943,4052718,1216617,pv,1511679126
235260,796413,4462359,pv,1511679126
254619,5002743,2672762,pv,1511679126
990586,2284213,4334077,pv,1511679126
912899,3316225,2562909,pv,1511679126
707172,3169705,2465336,cart,1511679126
857917,3515555,339580,cart,1511679127
94134,4826336,2640118,pv,1511679127
800856,4470323,3002561,pv,1511679127
192905,4393895,2352202,pv,1511679127
234182,1628366,4022701,pv,1511679127
464150,1799587,2355072,pv,1511679127
773761,1036184,982926,pv,1511679127
338186,2409886,1485951,cart,1511679127
287357,3671826,383749,pv,1511679127
497863,3373768,772629,pv,1511679127
157955,4942310,4145813,pv,1511679127
805132,4872388,4606718,pv,1511679127
457181,3099959,2156574,pv,1511679127
420865,4289042,2735466,buy,1511679128
85093,94095,982926,pv,1511679128
643826,2790106,1572948,pv,1511679128
804492,2214892,4022701,pv,1511679128
366223,1345051,2191219,pv,1511679128
665628,1275364,1376358,pv,1511679128
17376,429708,1787510,pv,1511679128
245878,4862306,4173315,pv,1511679128
80505,2980645,4181361,pv,1511679128
225300,2467784,3351726,pv,1511679128
270632,303295,1879194,fav,1511679128
542916,783090,411153,pv,1511679128
126700,2231531,285583,pv,1511679128
301168,3901850,2290623,pv,1511679128
3054,2476125,4756105,pv,1511679128
903558,5074408,149192,pv,1511679128
926511,5049399,3065645,pv,1511679128
47850,1718525,4756105,pv,1511679129
901254,1996186,1349634,pv,1511679129
193191,2870388,2393184,pv,1511679129
938142,3106054,982926,pv,1511679129
828736,3624556,3002561,pv,1511679129
532506,2083038,1575622,pv,1511679129
697314,1558307,119741,pv,1511679129
581367,3647230,722945,pv,1511679129
50703,2781469,4181361,pv,1511679129
340319,1983363,2705662,pv,1511679129
344754,922131,3774512,pv,1511679129
461418,3157592,2419959,pv,1511679129
176127,791563,1320293,pv,1511679129
836405,3097630,2462567,pv,1511679129
414992,4229692,4512393,pv,1511679129
985814,93834,2241047,pv,1511679129
14676,1497171,2735466,pv,1511679129
250200,5044302,4756105,pv,1511679129
964358,443072,1807416,pv,1511679129
418548,2943818,2735466,pv,1511679129
572113,3335051,1711596,pv,1511679129
309832,1668006,4145813,pv,1511679129
143156,3743673,4719814,pv,1511679130
283904,3916713,4640311,pv,1511679130
313524,4537828,4181361,pv,1511679130
385832,359982,4794845,fav,1511679130
40332,2828948,4145813,pv,1511679130
600978,4401223,4039865,buy,1511679130
504811,686416,542584,pv,1511679130
273284,2826985,3880463,pv,1511679130
929677,4015566,4145813,cart,1511679131
304283,887369,4145813,pv,1511679131
498460,2596347,4145813,pv,1511679131
369302,3681111,2355072,pv,1511679131
908361,2518882,267209,pv,1511679131
441431,3936670,4145813,pv,1511679131
497128,4145511,570735,pv,1511679131
94826,4032223,4145813,pv,1511679131
171521,2236905,2892802,pv,1511679131
149986,1000280,4897718,pv,1511679131
719858,1983805,2939262,pv,1511679131
165964,630731,1462446,pv,1511679131
388408,389824,3208959,pv,1511679131
724194,2762525,4690421,pv,1511679131
350194,4453911,4170419,pv,1511679131
640553,100791,1789614,pv,1511679131
918161,4926177,643645,pv,1511679131
672932,4984871,2983928,pv,1511679131
245580,1515448,4756105,fav,1511679131
1004226,3723384,4181361,pv,1511679131
789788,5141756,1320530,pv,1511679132
313573,2486631,2321441,pv,1511679132
694192,511264,2465336,pv,1511679132
109407,1785146,3500710,pv,1511679132
612609,442133,3776866,pv,1511679132
803062,1569048,1320293,pv,1511679132
747589,206506,2723483,pv,1511679132
697327,1990751,411153,pv,1511679132
941165,4035322,3065645,pv,1511679132
811458,3741522,2355072,pv,1511679132
257117,932610,2154669,pv,1511679132
65631,584230,4632342,pv,1511679132
880462,3652676,965809,pv,1511679133
849280,5145807,965809,pv,1511679133
629832,696421,4163659,pv,1511679133
9320,3180208,4818107,pv,1511679133
508130,1684440,2735466,pv,1511679133
284,2270519,3607361,pv,1511679133
173073,411778,3985474,pv,1511679133
857086,248563,3004853,pv,1511679133
605113,1061915,2920476,pv,1511679133
294729,1088947,3159480,pv,1511679133
201350,4043575,4145813,pv,1511679133
437263,1228800,2520771,pv,1511679133
62047,4452840,1113817,pv,1511679133
592813,3925366,1467750,pv,1511679133
899847,3612162,2465336,pv,1511679133
114546,4558962,3933554,pv,1511679133
32807,2683408,4756730,pv,1511679133
805351,2972905,4918438,pv,1511679134
737798,5025350,1595193,pv,1511679134
358998,2137350,1612623,pv,1511679134
434427,1836302,1278525,pv,1511679134
425417,2467827,1449177,pv,1511679134
850715,5050022,1994940,pv,1511679134
203266,482723,2629787,pv,1511679134
491513,4643106,4801426,cart,1511679134
59202,1178518,475593,pv,1511679134
878936,4639673,982926,pv,1511679134
154479,2515452,2945933,pv,1511679134
510734,4475191,1497533,pv,1511679134
46227,3611084,344833,pv,1511679135
555483,63605,3362038,pv,1511679135
287263,732194,4082778,pv,1511679135
631091,4320613,4086613,buy,1511679135
235006,1635789,841696,pv,1511679135
31624,3431274,4185300,pv,1511679135
627364,1932511,4643350,cart,1511679135
868758,89995,866301,pv,1511679135
766771,2262700,1807584,pv,1511679135
590371,923899,3897299,pv,1511679135
166906,2401597,2465336,pv,1511679135
916896,4340984,3567828,pv,1511679135
14067,134871,4145813,pv,1511679135
221507,4147585,4756105,pv,1511679135
50872,1076266,2096639,pv,1511679136
939834,4289680,4882154,pv,1511679136
22217,99808,4690421,pv,1511679136
662736,853569,1994940,pv,1511679136
513642,455150,2520377,pv,1511679136
287213,4933629,1575622,pv,1511679136
947167,2287829,4847838,pv,1511679136
478673,1871901,4145813,pv,1511679136
40125,1237503,982926,pv,1511679136
508112,3779038,3800818,pv,1511679136
560499,3518335,1051370,pv,1511679136
300861,984279,2131531,pv,1511679136
924891,1709409,1776295,cart,1511679136
513227,465433,1320293,pv,1511679137
274539,602041,4643350,pv,1511679137
122832,4041559,428367,pv,1511679137
668218,324073,3849096,pv,1511679137
893970,1080116,2839395,pv,1511679137
415035,4721794,3320579,pv,1511679137
289510,1591285,982926,fav,1511679137
83092,748722,4756105,pv,1511679137
390581,2759511,4069500,pv,1511679137
71263,2032668,1080785,pv,1511679137
231553,2535529,4132735,pv,1511679137
345589,3377632,1691286,pv,1511679137
793224,2833074,4801426,pv,1511679137
444913,4712091,2465336,cart,1511679137
900983,670775,4077585,pv,1511679137
306170,3864020,4181361,pv,1511679137
714782,4123577,3002561,pv,1511679137
897611,4722503,4317228,pv,1511679137
993841,4206965,2920476,pv,1511679138
150942,2907290,2289814,pv,1511679138
288982,545974,4050612,pv,1511679138
784418,86676,2465336,pv,1511679138
371437,361878,4145813,pv,1511679138
616367,962343,3338209,pv,1511679138
397253,254748,605882,pv,1511679138
290849,3052488,2735466,pv,1511679138
490169,2353009,4048584,pv,1511679138
275986,2818406,982926,pv,1511679138
521233,1008513,65362,pv,1511679138
368375,3985842,1485156,pv,1511679138
770568,2708351,3645362,pv,1511679138
118748,3936670,4145813,pv,1511679138
230214,3076201,4756105,pv,1511679138
797210,2216724,3738615,pv,1511679138
436316,323023,4424369,pv,1511679138
580388,2036249,4756105,pv,1511679138
256830,1770850,2705662,pv,1511679138
381633,2710842,4801426,pv,1511679138
238376,3682162,801221,pv,1511679138
1496,981808,2465336,pv,1511679138
794062,213020,285583,fav,1511679138
430905,935229,4170419,pv,1511679139
691984,2554891,2926020,pv,1511679139
532791,881615,2578647,pv,1511679139
329890,1757445,2355072,pv,1511679139
840081,1862439,2735466,cart,1511679139
205920,3557178,1061857,pv,1511679139
736570,1554063,1807416,pv,1511679139
239440,1888967,3897386,pv,1511679139
426006,246815,1029459,pv,1511679139
536947,2921351,200278,pv,1511679139
673124,3457900,2208169,buy,1511679139
810944,4634245,983613,pv,1511679139
321638,4320761,3320579,pv,1511679139
630546,1757201,1320293,pv,1511679139
216726,2159204,323851,pv,1511679139
137412,2946821,4565874,buy,1511679139
234182,3734950,4576874,pv,1511679139
552909,4840746,4170419,pv,1511679139
158189,2987162,4462359,pv,1511679139
179910,285267,2465336,pv,1511679139
787113,2057623,4756105,pv,1511679140
234801,2424600,3299155,pv,1511679140
480325,4208223,751494,pv,1511679140
511410,1192928,2735466,pv,1511679140
984294,3012929,4244487,pv,1511679140
458875,2855661,4756105,pv,1511679140
742327,3722102,3524510,pv,1511679140
879783,871145,4756105,pv,1511679140
65851,2355984,3829657,pv,1511679140
966044,4929004,2355072,pv,1511679140
331557,1962753,562852,pv,1511679140
862464,2447713,2520377,pv,1511679140
338186,4916038,796075,pv,1511679140
77372,4885434,4181361,pv,1511679140
939324,5093230,873792,pv,1511679140
648239,3261114,1019260,pv,1511679140
948103,4837176,4145813,pv,1511679140
988941,425198,235534,fav,1511679140
243013,1796304,1464116,pv,1511679140
550770,3580015,2465336,pv,1511679140
71985,2790543,3158249,pv,1511679141
925220,3917723,257909,pv,1511679141
947761,3552601,4756105,pv,1511679141
346599,4975241,3817434,pv,1511679141
109590,3076525,3645362,pv,1511679141
529808,1766859,4197505,buy,1511679141
358954,5034787,1051370,pv,1511679141
969097,3503155,4138583,pv,1511679141
365397,3448222,3248072,buy,1511679141
363948,1157406,2394030,pv,1511679141
783961,25214,3794706,pv,1511679141
466968,815555,1320293,pv,1511679141
612073,1439286,2355072,pv,1511679142
23249,2870807,2355072,pv,1511679142
792868,2352598,1664190,pv,1511679142
185797,1015942,4896062,pv,1511679142
985011,3512633,2462567,pv,1511679142
272767,4909965,4145813,pv,1511679142
332743,269134,4643350,cart,1511679142
129013,2203067,1582197,fav,1511679142
928158,4976200,4537973,pv,1511679142
129689,1191606,3672452,pv,1511679142
329638,3426275,5053508,pv,1511679142
540572,2046389,2462567,pv,1511679142
411518,901383,1859277,pv,1511679142
912899,4012046,2562909,pv,1511679142
88929,1247785,285583,cart,1511679142
724252,552170,3607361,pv,1511679142
72568,3320535,570735,pv,1511679142
287357,3560025,4731191,pv,1511679142
846410,2592976,3720767,pv,1511679143
961851,3352171,1125484,pv,1511679143
250481,5052362,1980111,pv,1511679143
193191,1270028,2393184,pv,1511679143
490331,2118358,245312,pv,1511679143
971433,169761,982926,pv,1511679143
95108,968427,2247787,pv,1511679143
909483,5127620,1725832,pv,1511679143
172358,771951,903809,pv,1511679143
360086,1121517,4509358,pv,1511679143
646571,383020,2702525,pv,1511679143
147611,502272,3738615,pv,1511679143
646748,596763,4756105,pv,1511679143
744365,3072049,4222240,pv,1511679143
930220,403594,4801426,pv,1511679143
743579,2876729,2640118,pv,1511679143
224010,234313,4145813,pv,1511679143
261744,2419985,4145813,pv,1511679143
181617,3260262,4022701,pv,1511679143
7627,75810,2939262,pv,1511679143
38378,2941653,4022701,cart,1511679143
201400,2092447,3354571,pv,1511679144
726215,1576421,2858794,pv,1511679144
157320,1116119,3607361,pv,1511679144
388408,4146645,3208959,pv,1511679144
973406,5054414,2640118,pv,1511679144
659029,5038178,1568197,pv,1511679144
949654,750503,2355072,pv,1511679144
932650,4343254,4602841,pv,1511679144
717728,4277641,4145813,pv,1511679144
48452,2301368,4756105,pv,1511679144
420731,59883,4818107,pv,1511679144
664083,3476659,1568197,pv,1511679144
477012,1032852,1320293,pv,1511679144
1671,3448582,3607361,pv,1511679144
97349,1142595,381850,pv,1511679144
363993,3602501,982926,pv,1511679144
890268,1592660,1528701,pv,1511679145
967604,401544,2355072,pv,1511679145
379695,2327802,1567637,pv,1511679145
384567,1517567,226943,pv,1511679145
733171,2082667,2939262,pv,1511679145
657881,1805568,1582197,pv,1511679145
380270,288547,238434,pv,1511679145
187947,2271974,2640118,pv,1511679145
114247,1423352,1379146,cart,1511679145
60492,37532,982926,cart,1511679145
293279,4472832,4217906,pv,1511679145
649169,1045389,4181361,fav,1511679145
956890,699154,1505776,pv,1511679145
979477,1868239,3400167,pv,1511679145
778844,2842531,4936889,pv,1511679145
266113,3579488,4181361,pv,1511679145
871567,43241,982926,pv,1511679145
488319,1621881,2736436,pv,1511679145
157441,597178,1379146,pv,1511679145
494607,2133435,2558244,pv,1511679146
337532,3431654,772629,pv,1511679146
36045,575276,1080785,pv,1511679146
265549,2382749,1168596,pv,1511679146
534128,3100219,3957883,pv,1511679146
486719,3504902,3975787,pv,1511679146
975768,4801958,2548944,pv,1511679146
180431,1010775,4756105,pv,1511679146
412723,1789418,750949,cart,1511679146
763440,1792405,4217906,pv,1511679146
891422,3505224,3248072,pv,1511679146
745140,864171,2520377,pv,1511679146
912778,363760,2355072,pv,1511679146
412057,4745141,200278,pv,1511679146
482550,4116204,235534,fav,1511679146
178577,3912104,2306045,pv,1511679146
736891,2767204,2465336,pv,1511679146
955527,2985431,1373144,pv,1511679146
34218,2514221,1397912,cart,1511679146
656954,305560,3497230,cart,1511679147
612396,360599,2520377,pv,1511679147
408972,777627,154040,pv,1511679147
405290,4852138,2520377,pv,1511679147
491951,546562,1080785,pv,1511679147
133288,4311462,4801426,pv,1511679147
31406,3632908,4217906,pv,1511679147
493667,1530684,3299155,pv,1511679147
475343,4844339,1464116,pv,1511679147
548549,2734554,4217906,pv,1511679147
761849,2541613,2131531,pv,1511679147
359011,3564339,2640118,pv,1511679147
724963,2406070,1464116,pv,1511679147
903317,1963667,4936889,pv,1511679148
967139,3974070,5053508,pv,1511679148
418929,1683837,384755,pv,1511679148
133044,4979408,1575622,pv,1511679148
956927,756578,1464116,pv,1511679148
226957,2081659,2735466,cart,1511679148
323065,1877844,2520377,pv,1511679148
409613,958270,3790396,pv,1511679148
54194,2268659,1080785,pv,1511679148
902618,4510649,2156574,pv,1511679148
127664,3580877,3832689,buy,1511679148
358052,3508755,5055329,pv,1511679148
175299,287690,4756105,pv,1511679148
547581,1992293,2465336,pv,1511679148
874133,1909359,2966303,pv,1511679148
813692,1880099,4082778,pv,1511679149
919770,896574,3884119,pv,1511679149
171609,1378825,2640118,cart,1511679149
269892,761743,4882154,pv,1511679149
718333,4356963,2465336,fav,1511679149
1408,104102,3776866,pv,1511679149
600804,4837172,2355072,pv,1511679149
377743,4254464,737184,pv,1511679149
872281,2666472,1216617,pv,1511679149
989329,759010,4022701,pv,1511679149
637711,3533109,2529187,cart,1511679149
296305,2409859,3002561,pv,1511679149
33194,2304541,4242717,pv,1511679149
350335,518346,4135836,pv,1511679149
208344,870088,4170419,pv,1511679150
363841,1246271,883960,pv,1511679150
679850,4765316,4801426,pv,1511679150
899568,4438600,2154669,pv,1511679150
635091,4304826,2043591,pv,1511679150
426802,1535294,3848953,pv,1511679150
536268,531225,4170419,pv,1511679150
1013529,3799042,4170419,pv,1511679150
807358,3664426,4882154,pv,1511679150
707453,3605128,4690421,pv,1511679150
832105,2993600,2328673,buy,1511679150
732869,4885350,4181361,pv,1511679150
1009419,2113575,4919077,pv,1511679150
176479,4469653,2559771,pv,1511679150
506778,5033731,4817527,pv,1511679150
490612,2519058,2885642,pv,1511679150
385515,4246977,3776866,pv,1511679151
836405,2668586,2462567,pv,1511679151
979083,4530441,2982027,pv,1511679151
717226,3837619,2361828,pv,1511679151
501423,1386654,2303546,pv,1511679151
235124,1497893,2558244,pv,1511679151
517370,227621,965809,cart,1511679151
725060,3602046,4690421,pv,1511679151
497508,5070021,672001,pv,1511679151
750069,129241,4145813,cart,1511679151
992670,552700,1787510,pv,1511679151
470892,1697229,2520377,pv,1511679151
424352,205524,2735466,pv,1511679151
613365,4880943,2702525,pv,1511679151
951421,1490574,3126258,pv,1511679151
663406,41895,105131,pv,1511679151
908336,4072623,886203,pv,1511679151
599864,549310,1478169,pv,1511679151
696939,199736,2520771,pv,1511679151
124617,4907289,1068933,buy,1511679151
563242,4324302,3002561,cart,1511679151
481446,1159377,1516409,pv,1511679151
670081,2182466,237446,pv,1511679151
541025,1004488,4801426,pv,1511679151
284995,4491111,4357323,pv,1511679151
767044,1735342,3607361,pv,1511679151
125363,2553865,721664,pv,1511679151
315243,4312962,154040,pv,1511679151
813177,2524449,2520377,pv,1511679151
764574,4570652,1379146,pv,1511679152
621294,4542663,3250977,pv,1511679152
647665,1582409,2355072,pv,1511679152
282510,2096263,4048584,pv,1511679152
449771,1782164,2520377,pv,1511679152
481580,3449983,982926,pv,1511679152
1000615,1056543,2520377,pv,1511679152
413615,3753042,200278,pv,1511679152
323818,1756010,1575622,cart,1511679152
490502,3818768,2520771,pv,1511679153
540676,1848494,4217906,pv,1511679153
367506,1224487,590997,pv,1511679153
231723,3733825,882707,pv,1511679153
149678,2048463,446701,pv,1511679153
984149,2425986,982926,pv,1511679153
545826,2330254,4801426,pv,1511679153
3818,2179486,4643350,pv,1511679153
721459,4136320,1567637,pv,1511679153
218522,2160685,2520377,pv,1511679153
170311,3151373,2355072,pv,1511679153
759369,4797692,1859277,pv,1511679154
889009,2513454,3161951,pv,1511679154
470423,3300954,570735,pv,1511679154
273633,1560835,3664107,pv,1511679154
582821,2393149,4801426,pv,1511679154
421364,1426356,1281171,pv,1511679154
606149,2746734,1320293,pv,1511679154
296780,4344277,2228184,pv,1511679154
383200,220784,4756105,fav,1511679154
44921,3489914,4476428,pv,1511679154
218826,2085494,381850,pv,1511679154
1016556,478669,3902231,pv,1511679154
440738,1168232,64179,pv,1511679154
497360,4060332,1029459,pv,1511679154
911888,3638515,4801426,pv,1511679154
436188,3950315,4756105,pv,1511679154
708385,1136247,4801426,pv,1511679154
365251,4266526,1050007,buy,1511679154
101095,3296993,102272,pv,1511679155
635928,79311,4170419,pv,1511679155
141658,1008122,4217906,cart,1511679155
956763,898292,4145813,pv,1511679155
715293,257155,982926,pv,1511679155
334291,1315004,1320293,pv,1511679155
775320,265613,941949,pv,1511679155
297261,190458,4217906,cart,1511679155
807221,3193375,4170419,pv,1511679155
9964,2337603,2096639,pv,1511679155
490090,4364257,4145813,pv,1511679155
250922,236450,1973012,pv,1511679155
56837,2976689,4357323,pv,1511679155
544624,4120030,4731191,pv,1511679155
716577,3532624,200278,pv,1511679155
544461,2457387,1820842,pv,1511679155
6507,4667603,2355072,pv,1511679155
145722,4794421,4357323,pv,1511679155
194307,2469642,3378887,pv,1511679155
540436,4525021,3597057,pv,1511679156
33396,2861435,1051370,pv,1511679156
343163,1639204,2481784,pv,1511679156
616882,936183,2815931,pv,1511679156
453172,505348,2462567,pv,1511679156
691006,2364692,2520377,pv,1511679156
900942,1704726,1029459,pv,1511679156
404700,2708655,4069500,pv,1511679156
284658,3755304,3607361,pv,1511679156
870691,162395,4756105,pv,1511679156
332286,1063324,2858794,pv,1511679156
917390,4264339,4658670,pv,1511679156
547581,2822,2465336,pv,1511679156
971433,3604996,1320293,pv,1511679156
490284,5081049,2465336,pv,1511679156
700362,3205017,200278,pv,1511679156
71247,4257168,1158475,pv,1511679156
86528,3167780,982926,pv,1511679157
678717,5044160,1029459,pv,1511679157
507778,185384,2939262,pv,1511679157
888500,85751,1859277,pv,1511679157
384892,3879854,1964754,fav,1511679157
264397,2754024,1080925,pv,1511679157
397544,960171,801221,cart,1511679157
881654,4783157,2415168,pv,1511679157
337383,3941814,3738615,pv,1511679157
502858,3281527,411153,pv,1511679157
794000,1257288,1216617,pv,1511679157
455498,4035110,1691699,pv,1511679157
513709,470345,4284875,pv,1511679158
450366,4113002,2735466,pv,1511679158
10484,2807033,2433095,pv,1511679158
50808,5149858,3002561,pv,1511679158
793966,3567599,4509358,pv,1511679158
528960,4640190,1320293,pv,1511679158
370540,237763,3312150,pv,1511679158
551274,139663,2297500,pv,1511679158
744785,737477,4606718,pv,1511679158
789075,3262894,1464116,pv,1511679158
443922,2097589,2465336,pv,1511679158
318484,761177,2465336,pv,1511679158
811458,3741522,2355072,pv,1511679158
402996,3224085,2026832,pv,1511679158
610415,819398,4357323,pv,1511679158
1013153,1126339,4217906,pv,1511679158
522643,3791607,4358294,pv,1511679158
157417,3503080,4145813,pv,1511679158
886684,362834,4145813,pv,1511679158
454229,746128,982926,cart,1511679159
213004,2875029,4718907,cart,1511679159
889953,1482252,4244990,pv,1511679159
434193,460108,4958794,pv,1511679159
928693,2151887,2355072,pv,1511679159
865156,4105058,3607361,pv,1511679159
701809,4935688,3132593,pv,1511679159
388034,4772337,4145813,pv,1511679159
238321,1124492,3917972,pv,1511679159
888652,3482994,1080785,cart,1511679159
311977,3317892,2355072,pv,1511679159
300749,4081223,856718,pv,1511679159
627455,5138724,2355072,pv,1511679159
274977,3120554,3607361,pv,1511679159
836717,1790123,883960,pv,1511679159
909010,2857371,2520771,pv,1511679159
375749,1871139,3758209,pv,1511679159
20091,1820432,4958794,fav,1511679159
565698,2004772,2926020,cart,1511679160
620771,1781773,1859277,pv,1511679160
97009,958030,1963052,pv,1511679160
626911,1022323,2355072,pv,1511679160
283431,4616561,2409814,fav,1511679160
216463,283941,4936889,pv,1511679160
916497,4881009,2342116,pv,1511679160
55867,2575191,1032185,pv,1511679160
626408,1923041,4993094,pv,1511679160
687804,4474801,154040,pv,1511679160
300883,145050,4801426,pv,1511679160
433194,460586,3673501,pv,1511679160
677394,216437,154040,pv,1511679161
257193,1484135,690811,cart,1511679161
672117,2926366,801221,pv,1511679161
957650,2163340,982926,pv,1511679161
139457,1378020,2640118,cart,1511679161
178424,313321,4183103,pv,1511679161
311083,2447681,2926020,pv,1511679161
655716,1237560,2304296,pv,1511679161
984028,2036534,1299190,pv,1511679161
422726,1484889,4419230,pv,1511679161
951195,3459820,4357323,cart,1511679161
309966,1023875,4756105,pv,1511679161
897923,4332151,3829421,pv,1511679161
464135,2350030,4853595,pv,1511679161
517188,1572760,3189162,pv,1511679161
639018,369855,4801426,pv,1511679161
525815,2234260,2926020,cart,1511679161
181617,2835077,2558244,pv,1511679161
978533,292362,1568197,pv,1511679161
368879,114329,3303026,pv,1511679162
378058,3366790,2520377,pv,1511679162
452226,2452415,982926,pv,1511679162
80184,3209171,2578647,pv,1511679162
1002435,3633367,285583,pv,1511679162
592338,1368649,2355072,pv,1511679162
748224,4995739,2927057,pv,1511679162
923935,1999435,737184,fav,1511679162
435697,4496687,2529187,cart,1511679162
1655,2690476,3461823,pv,1511679162
311611,1170991,2056274,pv,1511679162
580078,2164088,4801426,cart,1511679162
348917,492419,2520377,cart,1511679162
851867,3416780,4217906,pv,1511679162
669555,1340770,4801426,pv,1511679162
659510,439175,2465336,fav,1511679162
958109,3187519,149192,pv,1511679162
5511,3263297,1080785,pv,1511679162
670050,3752671,4606718,cart,1511679162
619841,4107216,149192,pv,1511679162
429070,1783059,2885642,pv,1511679162
866115,3598228,3002561,pv,1511679162
924383,1786638,1080785,cart,1511679162
378173,1308120,903809,pv,1511679163
574176,1078248,4181361,pv,1511679163
426343,4634603,2885642,pv,1511679163
453243,1142418,2779062,pv,1511679163
368130,779670,2465336,pv,1511679163
389316,4330638,1169503,pv,1511679163
602781,1196170,1789614,pv,1511679163
530347,4172707,2465336,pv,1511679163
417124,4376660,1419417,pv,1511679163
471388,4011768,578983,pv,1511679163
85633,1865455,4756105,pv,1511679163
88103,1813178,3598912,pv,1511679163
36844,383883,2520377,fav,1511679163
691006,1540701,2520377,pv,1511679163
889469,1598990,245312,pv,1511679163
523845,2523790,283996,pv,1511679163
923638,3986920,2440115,pv,1511679164
339096,4590702,3346906,pv,1511679164
996387,702829,4576874,pv,1511679164
6624,3795472,1851156,pv,1511679164
617313,240034,1080785,pv,1511679164
14091,4689510,4462359,pv,1511679164
284658,3144883,3607361,pv,1511679164
777756,862659,4756105,pv,1511679164
926511,4415340,3065645,pv,1511679164
188659,3346194,1789614,pv,1511679164
982000,1266498,3607361,pv,1511679164
139056,1186337,982926,cart,1511679165
822091,268659,4345501,pv,1511679165
872354,2216680,4801426,fav,1511679165
975971,2029843,3381583,pv,1511679165
42672,4290950,1320293,pv,1511679165
744825,4697937,4217906,pv,1511679165
417674,2786438,2131531,pv,1511679165
858782,963628,4754898,pv,1511679165
782261,2176009,384755,pv,1511679165
355801,5148633,3454970,pv,1511679165
267321,303311,1080785,pv,1511679165
277726,4876411,3524510,pv,1511679166
929052,2988047,2735466,pv,1511679166
773956,1187458,4690421,pv,1511679166
279989,3068568,4756105,pv,1511679166
751090,4976364,3112817,pv,1511679166
769625,3451000,903809,pv,1511679166
820879,216476,2885642,pv,1511679166
972139,899646,982926,pv,1511679166
842118,4835633,982926,fav,1511679166
208620,310172,3607361,pv,1511679166
519643,4553803,4756105,pv,1511679166
713345,4465444,957119,pv,1511679166
338186,3561176,3250334,pv,1511679166
510821,278761,154040,pv,1511679166
279616,541926,1872294,buy,1511679166
418929,2550602,2131531,pv,1511679166
898518,165845,2945933,pv,1511679167
535976,2006888,3738615,pv,1511679167
499789,2988047,2735466,pv,1511679167
188472,545171,4834913,pv,1511679167
799569,3082378,2042400,pv,1511679167
300030,4221004,2693696,pv,1511679167
878932,2463742,3307148,pv,1511679167
574726,2922853,1080785,pv,1511679167
506888,3850423,4756105,pv,1511679167
67760,2195460,4639855,pv,1511679167
238717,1358342,4357323,pv,1511679167
224558,1513148,982926,cart,1511679167
73050,3633460,2355072,pv,1511679167
406606,3026723,2885642,pv,1511679167
472803,1234838,4357323,fav,1511679167
45928,2129381,4756105,pv,1511679167
241278,2495473,1299190,pv,1511679168
842611,4129781,2878148,pv,1511679168
403701,4593495,5015375,pv,1511679168
31887,866752,4145813,cart,1511679168
557,363670,570735,buy,1511679168
277248,3552105,3720767,pv,1511679168
330772,184134,2355072,pv,1511679168
243013,4474190,1464116,pv,1511679168
269051,362586,72526,pv,1511679168
382121,4482662,2885642,pv,1511679168
33638,3056863,1320293,pv,1511679168
52986,1528294,3620161,pv,1511679168
390339,4194247,1368970,buy,1511679168
710759,3146336,4756105,pv,1511679169
751798,918424,820364,pv,1511679169
948815,1911667,2640118,pv,1511679169
816165,464686,4145813,pv,1511679169
849486,2501789,1438507,pv,1511679169
93849,1500526,3607361,pv,1511679169
41773,2466955,2533863,pv,1511679169
682149,2787275,2529187,pv,1511679169
168587,1253957,3443691,pv,1511679169
897508,4099029,4801426,pv,1511679169
807221,2714020,4170419,pv,1511679170
908350,15825,3607361,pv,1511679170
484615,4736558,4077585,pv,1511679170
515836,1815546,4756105,pv,1511679170
621176,4555583,3002561,pv,1511679170
373184,885464,2678261,pv,1511679170
755597,249101,2089582,pv,1511679170
948944,2969326,2355072,pv,1511679170
105350,4041180,941949,pv,1511679170
956763,2703743,4145813,pv,1511679170
928842,4824787,4170829,pv,1511679170
167257,3449798,3720767,pv,1511679171
14750,1121879,1575622,pv,1511679171
972675,1243882,3738615,fav,1511679171
718296,1944856,4936889,pv,1511679171
984149,5134942,1320293,pv,1511679171
22450,2017571,2885642,pv,1511679171
490139,4006743,2520377,pv,1511679171
257193,612917,690811,pv,1511679171
366,3228832,4632342,cart,1511679171
188045,2249793,4217906,pv,1511679171
578670,4646164,285583,pv,1511679171
797029,3930749,4462359,pv,1511679171
250856,3853941,2877672,pv,1511679172
307041,4556663,2157356,pv,1511679172
61867,331806,3645362,cart,1511679172
643153,1491254,2304296,pv,1511679172
470119,4974128,4082778,pv,1511679172
360077,2444282,376840,pv,1511679172
658421,2811778,2640118,pv,1511679172
995905,3583892,285583,buy,1511679172
924118,4389528,1349561,pv,1511679172
739728,3739841,1349634,pv,1511679172
81297,3405030,4589142,pv,1511679172
868840,1729212,35290,pv,1511679172
223633,1062393,3002561,pv,1511679173
374105,1542309,1299190,pv,1511679173
579194,1420238,3002561,pv,1511679173
505598,3291206,2355072,pv,1511679173
197247,7673,4606718,pv,1511679173
967905,17779,4756105,fav,1511679173
319957,1676381,4756105,pv,1511679173
372613,4287681,3952744,pv,1511679173
186413,4543327,1080785,pv,1511679173
46071,4363344,1269883,pv,1511679173
789185,1656410,3883310,pv,1511679173
607579,3618648,174239,pv,1511679173
723803,2977613,3995452,pv,1511679173
120238,1861680,3768664,pv,1511679173
414711,3391166,2520377,pv,1511679173
234502,812879,4756105,pv,1511679174
547471,4381471,4756105,pv,1511679174
19649,1058584,3299155,pv,1511679174
529936,3194949,4217906,pv,1511679174
665228,119021,2096639,pv,1511679174
375199,3303274,3720767,pv,1511679174
767158,1624737,4217906,pv,1511679174
857660,1799448,2430608,pv,1511679174
470801,4330896,1471163,cart,1511679174
552274,3443444,4901188,pv,1511679174
374150,3767662,4719814,pv,1511679174
858092,374078,982926,pv,1511679174
936774,3685566,3490970,pv,1511679174
714782,1944241,1275696,cart,1511679174
357747,2239259,149192,pv,1511679174
206535,4753003,434180,buy,1511679174
859791,5076840,2640118,pv,1511679174
90214,4496488,1464116,pv,1511679174
607418,1986594,4244487,pv,1511679174
658342,627188,2355072,pv,1511679174
517370,2208443,965809,pv,1511679175
720574,5158728,1080785,pv,1511679175
382054,4923282,2606924,pv,1511679175
144093,3814465,4181361,pv,1511679175
355740,2073789,2735466,pv,1511679175
762008,3866573,5140516,pv,1511679175
546469,3559988,4801426,pv,1511679175
895695,1849192,149192,pv,1511679175
950950,3939312,4723396,pv,1511679175
912387,3392734,2885642,pv,1511679175
819314,4581745,3720767,pv,1511679175
959005,910859,1575622,pv,1511679175
458904,331130,1420205,cart,1511679175
792884,1773101,1080785,pv,1511679175
257193,177332,690811,pv,1511679175
948720,3718931,4022701,pv,1511679176
347411,4287815,440901,pv,1511679176
347740,646901,2693696,pv,1511679176
918490,598644,4639855,pv,1511679176
98559,3816035,154040,pv,1511679176
341283,864804,2733371,pv,1511679176
774464,4075455,4537798,pv,1511679176
387559,1623705,3607361,pv,1511679176
481544,3371523,1859277,pv,1511679177
552891,5054337,4818107,pv,1511679177
738294,92629,3002561,pv,1511679177
112230,3202866,344833,pv,1511679177
609681,2795020,4173315,pv,1511679177
131333,2376301,4267003,pv,1511679177
345318,365791,2188684,pv,1511679177
424429,1574265,2640118,pv,1511679177
536778,4923076,3598912,pv,1511679177
663456,5120764,982926,pv,1511679177
550577,3167983,4756105,pv,1511679178
358803,3371606,3299155,pv,1511679178
317503,2850780,4690421,pv,1511679178
773271,2997224,1299190,pv,1511679178
866115,1011190,3002561,pv,1511679178
308289,2397596,1320293,pv,1511679178
153385,4663336,3102419,pv,1511679178
153438,4176911,4145813,pv,1511679178
78605,3135587,4159072,pv,1511679178
497907,2126408,4462359,pv,1511679179
283431,1383065,174239,fav,1511679179
480333,1428695,2640118,pv,1511679179
186542,3536586,715487,pv,1511679179
238268,4901600,2578647,pv,1511679179
322583,1126354,339305,pv,1511679179
30027,4568547,4918438,pv,1511679179
74764,2108360,3937919,pv,1511679179
191898,281111,350027,pv,1511679179
418022,4292855,1587961,pv,1511679179
507151,45570,982926,pv,1511679179
403328,3262048,2520377,pv,1511679179
747612,27433,982926,pv,1511679179
527454,2710886,3570656,buy,1511679179
201593,5036943,3740459,pv,1511679179
878945,1751364,2885642,pv,1511679179
256561,1687681,982926,cart,1511679180
253975,3538409,2926020,cart,1511679180
309966,1990524,4756105,pv,1511679180
190154,1634652,3299155,pv,1511679180
761005,648008,1297992,pv,1511679180
679478,3150492,3002561,pv,1511679180
621734,72095,4804883,buy,1511679180
106326,3110642,3598912,pv,1511679180
745102,153707,2558244,pv,1511679180
976639,3034696,1879194,pv,1511679180
765360,4802598,2786309,pv,1511679180
550669,4887707,3836451,pv,1511679180
241498,3641644,1572948,pv,1511679180
948944,4405086,2355072,pv,1511679181
387750,3031354,2735466,cart,1511679181
562581,2696792,570735,pv,1511679181
234647,4839522,3280276,buy,1511679181
823327,4601416,3158249,pv,1511679181
877058,538402,1080785,pv,1511679181
951746,1772452,1963052,pv,1511679181
38059,1533634,3607361,pv,1511679181
841160,860058,3002561,pv,1511679181
786087,3199661,4145813,pv,1511679182
76836,2277333,1343555,cart,1511679182
780710,3982645,1875258,pv,1511679182
255181,2959905,2520771,pv,1511679182
982573,1974573,4170419,pv,1511679182
239581,4323111,4789432,buy,1511679182
618819,4872394,2409814,pv,1511679182
131093,984477,2926020,pv,1511679182
528022,3267726,1320293,pv,1511679182
283765,3233726,3448250,pv,1511679182
97863,278498,3002561,pv,1511679182
873837,4403814,903809,pv,1511679182
417936,2914632,2590256,pv,1511679182
551402,3762493,2355072,pv,1511679182
435404,3913846,2465336,pv,1511679182
2585,1706729,4145813,pv,1511679182
338838,3556155,982926,pv,1511679182
792989,4820772,4868797,pv,1511679182
905936,1234163,4145813,pv,1511679182
908389,1710033,3607361,pv,1511679182
811141,1272216,2355072,pv,1511679182
878440,4697244,4756105,pv,1511679182
214585,2862052,1379146,pv,1511679183
62558,5088787,4756105,pv,1511679183
151357,2667139,2735466,pv,1511679183
613973,4857587,2352202,pv,1511679183
1006551,4008473,154040,pv,1511679183
948472,5041713,1415279,pv,1511679183
1496,2735544,2465336,pv,1511679183
379909,3154963,982926,pv,1511679183
329952,2405231,4173315,pv,1511679183
76500,3937700,4145813,pv,1511679183
863054,3896196,4643350,pv,1511679183
178093,4833354,149192,fav,1511679183
243699,4886201,1464116,cart,1511679183
473270,2599190,1859277,pv,1511679183
207765,5033248,4357323,pv,1511679183
571953,939294,3607361,pv,1511679183
874527,739193,149192,pv,1511679183
13119,3291206,2355072,cart,1511679183
804262,2350858,3004853,pv,1511679183
401983,700032,1312642,pv,1511679184
849300,3003280,4756105,pv,1511679184
252436,769069,1320293,pv,1511679184
847966,2709502,2027583,pv,1511679184
220366,729518,4936889,pv,1511679184
353606,4557095,1349561,pv,1511679184
279952,5096832,4756105,pv,1511679184
659393,1715905,4756105,pv,1511679184
613647,962494,3607361,pv,1511679184
521984,3496378,2520377,pv,1511679184
947633,950698,3997061,buy,1511679184
974239,1641852,4756105,pv,1511679184
655481,195873,1451814,buy,1511679184
739064,2924387,4086613,pv,1511679184
995769,320553,3108044,cart,1511679184
620282,3383192,399287,pv,1511679184
950451,1150653,2520377,pv,1511679184
117893,1120964,4145813,pv,1511679184
852859,966694,4181361,pv,1511679184
372142,658615,4145813,pv,1511679184
817484,1776400,4181361,pv,1511679184
973638,1910299,1628657,pv,1511679185
789647,3160163,1471163,pv,1511679185
217372,1015847,411153,pv,1511679185
695081,1205899,3075521,pv,1511679185
372756,2354745,3454970,pv,1511679185
698390,1168205,4217906,pv,1511679185
76356,4911839,4756105,pv,1511679185
442753,4538108,2158079,pv,1511679185
374009,2380055,3277224,pv,1511679185
330463,428107,4022701,pv,1511679185
787833,3199198,2342116,pv,1511679185
461349,3863643,4244990,pv,1511679185
265720,4296522,4145813,pv,1511679185
758035,2966308,446701,buy,1511679185
331462,203061,2939262,pv,1511679185
306337,5095686,2986368,pv,1511679185
840856,5115995,4672807,pv,1511679186
128608,1058752,1320293,pv,1511679186
661139,2328258,1320293,pv,1511679186
440081,5073268,3139583,pv,1511679186
341078,3788709,4217906,pv,1511679186
34738,3517664,722945,pv,1511679186
758575,3170081,4672807,pv,1511679186
888783,4181685,1320293,pv,1511679186
841788,4954999,411153,pv,1511679186
568914,2740326,4339722,fav,1511679186
456077,1262538,3410245,pv,1511679187
205274,2254510,4756105,pv,1511679187
750826,4056410,4181361,pv,1511679187
221191,3896930,3800818,pv,1511679187
140631,1425708,4801426,pv,1511679187
553025,1324723,753984,pv,1511679187
184713,1691263,4756105,pv,1511679187
307303,1164002,3607361,pv,1511679187
512354,3334664,4789432,cart,1511679187
39775,2426709,3738615,pv,1511679187
979273,4952541,3607361,pv,1511679187
365761,1849299,4877478,buy,1511679187
837144,844595,4145813,pv,1511679187
362409,4203532,3715529,pv,1511679187
739640,657227,4244487,pv,1511679187
529723,3952569,4350978,pv,1511679187
678717,2791636,1029459,pv,1511679187
605317,260249,4756105,pv,1511679187
580225,3114931,2747756,pv,1511679187
362285,2338486,1320293,pv,1511679188
579194,3117150,4145813,pv,1511679188
974131,2080091,1723409,pv,1511679188
44493,2958884,2885642,pv,1511679188
754557,918435,2355072,pv,1511679188
927796,4134792,4462359,pv,1511679188
883032,1706147,982926,pv,1511679188
250922,1063877,1320293,pv,1511679188
119666,608962,1994940,pv,1511679188
967494,871912,3879225,pv,1511679188
692418,1467815,381850,pv,1511679188
729750,2219667,941949,pv,1511679188
899689,2878696,3214361,fav,1511679189
984028,4315684,4170419,pv,1511679189
861331,2511864,4794845,pv,1511679189
958581,1207288,1879194,pv,1511679189
106871,1849942,383749,pv,1511679189
998537,1956680,1859277,cart,1511679189
984406,1064385,2520377,pv,1511679189
772869,3628231,1575622,pv,1511679189
880462,4311885,866301,pv,1511679189
145492,850460,2355072,pv,1511679189
595272,2007173,4145813,pv,1511679189
395225,88903,982926,pv,1511679189
760471,3910351,200278,pv,1511679189
621792,1944446,4181361,pv,1511679189
912130,1164002,3607361,pv,1511679189
405502,2118344,149192,pv,1511679189
470309,2253976,903809,pv,1511679189
45294,1262261,4145813,pv,1511679189
935357,1482347,3299155,pv,1511679189
605916,1615463,4639855,pv,1511679189
74256,1301197,570735,pv,1511679189
42903,4563671,4181361,pv,1511679189
955527,1650758,238434,pv,1511679189
130418,1559429,1136776,pv,1511679189
905834,819453,2310649,buy,1511679190
76180,1395677,4858656,pv,1511679190
227694,1198901,3010483,pv,1511679190
974332,1148199,2158079,pv,1511679190
550798,2055541,3468569,fav,1511679190
424315,2625978,202297,pv,1511679190
321638,2140232,1595193,pv,1511679190
423003,4850552,3171095,pv,1511679190
180298,4061908,2217187,pv,1511679190
509549,1891122,4145813,pv,1511679190
604564,2582642,4145813,fav,1511679190
664076,3163680,2520771,cart,1511679190
912778,2205475,4756105,pv,1511679190
757564,3542350,2355072,pv,1511679190
726299,3240536,267209,pv,1511679191
75180,2726687,211810,pv,1511679191
593922,158579,4242717,pv,1511679191
553452,665271,2885642,pv,1511679191
749098,2324295,982926,pv,1511679191
472803,3873578,4357323,pv,1511679191
369307,4271826,1449177,pv,1511679191
870270,4697014,235534,pv,1511679191
182975,527636,1198404,pv,1511679191
497907,1847061,4462359,pv,1511679191
501423,2086695,2303546,pv,1511679191
822059,926047,4185300,pv,1511679191
247398,4915622,4298656,cart,1511679191
75169,1938169,672001,pv,1511679191
590145,4943186,3598912,pv,1511679191
718325,4891972,4022701,pv,1511679191
111949,3739420,883960,pv,1511679191
878438,1886236,4756105,pv,1511679191
958786,3421766,542584,buy,1511679191
972612,607955,3002561,pv,1511679191
1004776,954993,4181361,pv,1511679191
871400,2166748,84264,pv,1511679191
184094,3583567,1787510,pv,1511679191
476555,3058576,285583,pv,1511679192
466231,4906423,3160926,pv,1511679192
710081,1363254,4145813,fav,1511679192
987413,1096633,1216617,pv,1511679192
283431,3822552,1973012,pv,1511679192
142709,4606,2296439,pv,1511679192
249917,1416435,72526,pv,1511679192
473850,1661519,1051370,pv,1511679192
356571,3007018,2735466,pv,1511679192
200133,3922097,1320293,pv,1511679192
980120,1856083,4217906,pv,1511679192
706856,384548,381850,pv,1511679192
652516,2586474,154040,fav,1511679192
715724,3480691,2465336,pv,1511679192
862721,211291,3065645,pv,1511679192
590984,715708,1320293,pv,1511679193
221914,1224094,4969568,pv,1511679193
807221,1931118,4170419,pv,1511679193
906223,1605520,4801426,pv,1511679193
408972,4611686,4022701,pv,1511679193
624265,70565,1253595,pv,1511679193
482520,4670187,551706,pv,1511679193
490028,3229283,5053508,pv,1511679193
684519,3571548,4756105,pv,1511679193
506119,103834,4242717,pv,1511679193
215115,2737910,982926,pv,1511679193
235328,2544650,3277224,pv,1511679193
616392,4659513,2735466,pv,1511679193
872476,4195005,4051859,pv,1511679193
19918,2042628,4789432,pv,1511679193
759507,1910201,982926,pv,1511679193
396092,2367929,2939262,pv,1511679193
253065,1141566,3754679,pv,1511679194
205683,5068519,2945933,pv,1511679194
304237,843323,4145813,pv,1511679194
806760,2476694,1756314,buy,1511679194
891422,498548,3248072,pv,1511679194
467001,1753739,1575622,pv,1511679194
547292,3189279,4756105,pv,1511679194
426972,1049751,3579754,pv,1511679194
583197,4014573,2355072,pv,1511679194
569350,890126,4756105,pv,1511679194
629911,3575558,2465336,pv,1511679194
409757,974892,4145813,cart,1511679194
357322,4345183,2440115,pv,1511679194
647531,4481340,3002561,pv,1511679195
568450,2650062,982926,pv,1511679195
789344,4742990,2465336,pv,1511679195
677057,3997873,643752,pv,1511679195
938169,4351369,982926,pv,1511679195
144007,163279,772894,pv,1511679195
472871,985194,4188178,pv,1511679195
230515,1821750,3620161,pv,1511679195
684383,776657,2176263,pv,1511679195
452864,619901,2735466,cart,1511679196
821508,305449,4756105,pv,1511679196
209537,2960532,2982027,cart,1511679196
347411,4575133,1633142,pv,1511679196
647141,1651386,2558244,pv,1511679196
449771,237526,4756105,pv,1511679196
305195,1841620,4801426,fav,1511679196
115199,237436,2753808,pv,1511679196
923935,1965060,4217906,pv,1511679196
526308,1248384,3624696,cart,1511679196
166500,290996,1464116,pv,1511679196
114056,785113,2520377,pv,1511679196
621386,4830093,285583,pv,1511679196
700792,4096596,2355072,pv,1511679196
663312,3854072,4170419,pv,1511679196
526019,2211355,3015852,pv,1511679197
261383,2336063,4756105,pv,1511679197
529936,4182794,4217906,pv,1511679197
484884,2700484,4145813,pv,1511679197
783310,101151,1575622,pv,1511679197
756002,2924618,590997,pv,1511679197
88933,4006367,4643350,pv,1511679197
803856,835482,3404739,pv,1511679197
465557,1383228,4095810,pv,1511679197
998797,2890580,2465336,pv,1511679197
95910,4333683,3065645,pv,1511679197
880668,181205,4801426,pv,1511679197
865305,1265706,865039,pv,1511679198
542398,3958716,1051370,pv,1511679198
770764,1153981,4145813,pv,1511679198
765406,4987197,3253357,pv,1511679198
968025,577917,285583,pv,1511679198
369993,1443214,3102419,pv,1511679198
765439,4971795,1320293,pv,1511679198
565138,4109588,570735,fav,1511679198
693863,3237447,1765288,fav,1511679198
358783,2446510,605237,pv,1511679198
650419,2507226,1151115,pv,1511679198
916497,2520758,2342116,fav,1511679198
917248,762485,2465336,pv,1511679198
936839,2285762,477292,pv,1511679198
138602,2601818,2520377,pv,1511679198
86359,1175608,2644878,cart,1511679198
612795,4512633,3681810,pv,1511679198
713783,30246,3340725,pv,1511679198
60311,2742417,4801426,pv,1511679198
812150,1261609,815501,pv,1511679198
8889,1847381,587452,pv,1511679198
859230,3227055,383749,pv,1511679198
127595,1559269,982926,pv,1511679198
59934,470461,672001,pv,1511679199
594261,3397266,3702593,cart,1511679199
175854,3379693,3720767,pv,1511679199
375997,4486680,2355072,pv,1511679199
813692,1880099,4082778,pv,1511679199
263357,2466255,873792,pv,1511679199
684616,4714543,3002561,pv,1511679199
782620,4868317,3607361,pv,1511679199
596912,2283565,154040,pv,1511679199
876537,663266,3607361,pv,1511679199
957721,5039010,3228699,pv,1511679199
516286,3105405,2440115,pv,1511679199
404208,851374,2959407,cart,1511679199
749078,660963,3415505,pv,1511679199
397923,342021,4643350,pv,1511679199
935620,135740,982926,pv,1511679199
875023,499335,982926,pv,1511679199
109810,4286430,4462359,pv,1511679199
915655,1162348,2735466,pv,1511679200
73016,2782961,982926,pv,1511679200
150119,1723338,2131531,pv,1511679200
288810,4774448,4022701,pv,1511679200
709025,2046885,2926020,pv,1511679200
793294,4029019,4145813,pv,1511679200
338523,602041,4643350,pv,1511679200
463054,761291,3607361,pv,1511679200
528095,4837573,3607361,pv,1511679200
586928,55183,2355072,pv,1511679200
56974,2117334,3720767,cart,1511679200
602234,1778422,1068933,pv,1511679200
482210,1788647,2925160,pv,1511679200
922985,1944488,3299155,pv,1511679201
232945,2128778,2520377,pv,1511679201
547532,1297726,2465336,fav,1511679201
202728,1583704,4801426,pv,1511679201
320841,3646343,553365,pv,1511679201
264397,3883587,2576484,pv,1511679201
888596,354667,238434,pv,1511679201
741996,4856313,149192,pv,1511679201
43308,3315493,2926020,pv,1511679201
914129,3471701,2520377,pv,1511679201
972322,1692760,2355072,pv,1511679201
971422,2409196,2558244,pv,1511679201
38059,2477379,2355072,pv,1511679201
498321,2922797,2520377,fav,1511679202
611316,4168569,1888306,pv,1511679202
272767,2586977,2520377,pv,1511679202
610738,1223111,4145813,pv,1511679202
987820,1743968,4756105,pv,1511679202
714229,3216306,2520377,pv,1511679202
317715,1047955,1320293,pv,1511679202
570327,5128137,982926,cart,1511679202
925415,3475475,2204097,pv,1511679202
1237,4764337,2465336,pv,1511679202
178424,4904046,4697972,buy,1511679202
246589,4768740,2303546,pv,1511679202
871032,3840775,982926,pv,1511679202
32332,3957657,3065645,pv,1511679202
904790,1920459,4801426,pv,1511679202
739258,517212,2355072,pv,1511679202
313539,3675502,1947578,pv,1511679202
779116,3800603,3860845,pv,1511679202
458904,1334509,1420205,pv,1511679202
472625,1457583,841696,pv,1511679203
76504,940721,4801426,pv,1511679203
237883,4219654,1320293,pv,1511679203
693159,4074805,154040,pv,1511679203
931443,297305,1575622,pv,1511679203
306069,3867417,3004853,pv,1511679203
98559,3816035,154040,pv,1511679203
928223,4444619,2819811,buy,1511679203
1688,4736758,1575622,pv,1511679203
728118,2626557,4173315,cart,1511679203
185453,83470,235534,pv,1511679203
64072,4031914,4756105,pv,1511679204
93753,4408030,1320293,pv,1511679204
669483,1110326,3002561,cart,1511679204
653303,3428495,1080785,pv,1511679204
304395,2473847,5071267,pv,1511679204
480164,4402138,2131531,pv,1511679204
167865,4649775,2355072,pv,1511679204
79433,2915560,1467750,pv,1511679204
455915,1129922,2131531,pv,1511679204
158448,1131313,2096639,pv,1511679204
200693,1917954,3002561,pv,1511679204
264880,1549824,2640118,cart,1511679204
132499,2756012,3844144,pv,1511679204
352237,1190547,154040,pv,1511679204
219872,859694,2520771,pv,1511679204
321762,3545905,2355072,pv,1511679204
880668,1947111,4801426,pv,1511679204
997264,1214028,2640118,pv,1511679204
182234,1476938,2578647,pv,1511679205
456278,2333173,2926020,pv,1511679205
187836,430249,2520771,pv,1511679205
585265,3092815,3153380,buy,1511679205
947745,161011,2896142,pv,1511679205
768611,4624971,1299190,pv,1511679205
5313,5079858,4756105,pv,1511679205
303418,4643638,2612027,pv,1511679205
361185,3380210,4756105,pv,1511679205
678771,2709221,3805065,fav,1511679205
721292,160409,2735466,pv,1511679205
36045,2568022,1080785,pv,1511679205
860684,2310233,50601,pv,1511679205
373590,4945279,562852,pv,1511679205
994724,1464696,3836451,fav,1511679205
755340,2081039,3645362,pv,1511679205
155616,1851879,4509358,pv,1511679206
58108,4470349,3579754,pv,1511679206
362948,918955,570735,pv,1511679206
439597,955216,3607361,pv,1511679206
761536,456039,4750127,pv,1511679206
616744,41899,4082778,pv,1511679206
868648,3036959,801221,pv,1511679206
114195,1152204,411153,pv,1511679206
163419,657834,1516409,pv,1511679206
205643,4101313,982926,pv,1511679206
795891,4139827,2520377,pv,1511679206
177125,104705,903809,pv,1511679206
701200,2066087,3607361,buy,1511679206
768592,2908991,1320293,pv,1511679206
305618,1573653,4004564,pv,1511679206
842686,2078515,2778281,pv,1511679206
635506,3681289,2885642,pv,1511679206
214943,4603197,2465336,pv,1511679206
319721,5125140,4145813,pv,1511679206
697750,92823,4466876,fav,1511679206
183341,3349493,2355072,pv,1511679206
669062,297904,4444302,pv,1511679206
631804,1390400,3624696,pv,1511679207
97863,3091165,3002561,pv,1511679207
473370,3009899,1320293,pv,1511679207
778815,334959,3607361,pv,1511679207
43402,1214790,2319611,pv,1511679207
893443,456224,3002561,pv,1511679207
97558,568507,3720767,pv,1511679207
914378,4196106,65362,pv,1511679207
416941,2237724,4697972,pv,1511679207
984661,1997297,3108044,pv,1511679207
635613,1854968,883960,pv,1511679208
558912,3225981,4801426,pv,1511679208
784199,383621,1073768,pv,1511679208
178923,610812,4801426,pv,1511679208
419881,5080044,982926,pv,1511679208
216054,897901,154040,pv,1511679208
784912,3739131,634390,pv,1511679208
828841,1527026,1787510,pv,1511679208
970233,926603,901282,pv,1511679208
138450,249121,1879194,pv,1511679208
965734,3794301,4164234,pv,1511679208
274474,3654446,4818107,pv,1511679208
462828,1354475,4801426,pv,1511679208
594862,2492602,5034390,pv,1511679209
67697,5015495,883960,pv,1511679209
598388,1931272,339124,pv,1511679209
884798,135055,982081,pv,1511679209
385557,3322151,3579754,pv,1511679209
947451,2249063,1320293,pv,1511679209
33898,4889198,4589142,pv,1511679209
868621,3455984,3844144,pv,1511679209
759193,3218638,965809,pv,1511679209
907226,4105375,4181361,pv,1511679209
580383,4037058,3795317,pv,1511679209
337123,581490,2945933,pv,1511679209
905764,703898,1936748,pv,1511679210
567883,1526593,2952458,pv,1511679210
998388,1016167,1629035,pv,1511679210
193427,4118883,1019260,pv,1511679210
658182,3171017,4292119,pv,1511679210
860878,611224,4130426,pv,1511679210
233051,1018950,3102419,pv,1511679210
305323,683663,4719814,pv,1511679210
175331,624766,3607361,pv,1511679210
548197,2609822,4357323,fav,1511679210
908576,798880,3795317,pv,1511679210
493362,4690183,2558244,pv,1511679210
738486,3944355,2355072,pv,1511679210
236329,999249,3680035,pv,1511679210
406606,3556573,2885642,pv,1511679210
895861,3724041,3702593,pv,1511679210
513642,5115729,411153,pv,1511679210
609825,3961955,149192,pv,1511679210
920321,730054,3607361,pv,1511679210
890409,2100625,4756105,pv,1511679211
126256,1367959,903809,pv,1511679211
280657,896950,3002561,pv,1511679211
596959,1941026,3855599,pv,1511679211
913031,4438230,866301,pv,1511679211
197645,3079157,1868423,buy,1511679211
654251,3173246,285583,pv,1511679211
461415,2170966,1158475,pv,1511679211
257193,1206121,690811,pv,1511679211
580623,4947950,2885642,pv,1511679211
474543,3106376,982926,pv,1511679211
1006471,4006974,154040,pv,1511679211
20970,3119586,4962280,pv,1511679211
549264,3408671,982926,pv,1511679211
912095,57733,4145813,pv,1511679212
108722,3169685,1573426,pv,1511679212
69062,1802960,3252563,pv,1511679212
739416,2891333,1575622,pv,1511679212
564614,1496934,1331853,pv,1511679212
118398,2609780,2465336,cart,1511679212
618320,1741984,4217906,pv,1511679212
606039,1013300,2355072,pv,1511679212
458521,4112194,2735466,buy,1511679212
282510,103607,4048584,pv,1511679212
738822,3147349,2304296,pv,1511679212
230143,1338853,846990,pv,1511679212
93849,3597425,3607361,pv,1511679212
995395,1477536,4756105,pv,1511679212
341846,3238168,4756105,pv,1511679212
623150,3997453,3340725,pv,1511679212
888661,686402,3975787,pv,1511679212
1010316,2697975,1464116,pv,1511679212
817186,1367452,3616520,pv,1511679212
886940,497820,622168,buy,1511679212
736890,1933601,1216617,pv,1511679212
659360,3763625,2296439,pv,1511679212
726400,315858,3607361,pv,1511679212
765297,5008965,856718,pv,1511679212
159567,2775256,4789432,pv,1511679212
932894,3657492,4643350,pv,1511679213
430811,4169114,2355072,pv,1511679213
399544,13208,1573426,pv,1511679213
837810,5097187,4756105,pv,1511679213
107617,2321034,5046132,pv,1511679213
1003431,3706151,1601543,pv,1511679213
244377,423713,2966303,pv,1511679213
509385,3082820,1299190,pv,1511679213
783471,1801469,3897386,cart,1511679213
803062,1186829,1320293,pv,1511679213
245506,2231196,3740459,pv,1511679213
440554,3254977,2355072,pv,1511679213
433431,1061695,772629,cart,1511679213
17843,1233574,4756105,cart,1511679213
320712,582354,1080785,pv,1511679213
493820,4306269,4756105,pv,1511679213
759899,1208552,3299155,pv,1511679213
165866,2690154,2293367,pv,1511679213
935255,1071262,737184,pv,1511679214
704262,3207750,2939262,pv,1511679214
686280,312861,666497,pv,1511679214
823495,5124256,384755,pv,1511679214
186665,3241556,5099474,cart,1511679214
377053,408604,4086613,pv,1511679214
873892,1651751,1817004,pv,1511679214
432526,3458203,2355072,pv,1511679214
956579,2265411,2827444,pv,1511679214
601426,1288207,2520771,fav,1511679214
677394,2078455,154040,pv,1511679214
75814,4057454,4801426,pv,1511679214
957321,4205864,1320293,pv,1511679214
437814,39536,2520377,pv,1511679214
558993,2117191,883960,pv,1511679214
54194,1296798,982926,pv,1511679214
693096,3278566,2885642,pv,1511679214
396913,4596417,2640118,pv,1511679214
956794,4538479,4756105,pv,1511679214
75024,433950,2228184,pv,1511679215
820100,4598986,2558244,pv,1511679215
653328,3828926,4756105,pv,1511679215
283904,4726294,4640311,pv,1511679215
186265,3314461,1474371,cart,1511679215
754910,3013259,1834026,pv,1511679215
25943,3390936,1216617,pv,1511679215
5511,740851,4173315,pv,1511679215
638797,2806416,4576874,pv,1511679215
480492,2064659,4181361,pv,1511679215
478693,914625,570735,fav,1511679215
866526,1066888,167871,pv,1511679215
39312,2906299,1817004,pv,1511679215
620466,722131,4643350,pv,1511679215
983924,1536014,4118464,pv,1511679216
969930,2311801,1544586,pv,1511679216
710604,3120146,2520771,pv,1511679216
55721,3044493,2321441,pv,1511679216
85146,1487622,5045733,pv,1511679216
913397,4031215,669762,pv,1511679216
598388,1791823,2296439,pv,1511679216
686820,1130181,1567637,pv,1511679216
1007188,3361840,2982027,pv,1511679216
868840,2689978,35290,pv,1511679216
198742,2085017,119741,pv,1511679216
809025,2141527,3087458,pv,1511679216
580078,4088704,2735466,pv,1511679216
924722,2584377,1467750,pv,1511679216
949163,4420561,3299155,pv,1511679216
442637,2739898,883960,pv,1511679217
497718,5100414,3176349,buy,1511679217
325301,1351801,5071267,pv,1511679217
704022,2257310,2520377,pv,1511679217
208220,3459609,4708262,pv,1511679217
436188,3950315,4756105,pv,1511679217
720574,4701690,1080785,pv,1511679217
145170,191931,1488813,pv,1511679217
649450,2089789,4756105,pv,1511679217
208620,271657,3607361,pv,1511679217
70466,1133421,4145813,pv,1511679217
888497,2749262,2558244,pv,1511679217
48102,1176016,3209590,pv,1511679217
804286,2118179,4606718,pv,1511679217
849280,1420797,965809,pv,1511679217
519531,243326,2476560,pv,1511679217
657572,17904,2465336,pv,1511679217
711356,4849747,431452,buy,1511679218
511540,1115509,941949,pv,1511679218
482104,1938873,2465336,pv,1511679218
593087,4220877,285583,pv,1511679218
627576,2289239,4583884,pv,1511679218
900285,2996808,4217906,fav,1511679218
252436,4640646,2520377,pv,1511679218
833446,3732205,2465336,pv,1511679218
387335,1691671,2558244,pv,1511679218
384553,4871551,2926020,cart,1511679218
379909,3154963,982926,pv,1511679218
39687,2093045,4756105,cart,1511679218
850213,524677,4756105,pv,1511679218
949310,2915412,1573465,pv,1511679218
1004565,2527612,2355072,pv,1511679218
913659,2815870,1029459,pv,1511679218
955745,1241527,149192,pv,1511679219
889953,879245,3702593,pv,1511679219
111775,3380054,2355072,pv,1511679219
198074,524474,2520377,pv,1511679219
154422,3646553,2337395,pv,1511679219
726479,1999068,245312,pv,1511679219
273402,810510,2520377,pv,1511679219
639115,216436,3607361,pv,1511679219
204326,2893705,1944905,pv,1511679219
1013418,4777160,1464116,pv,1511679219
31624,3619456,1678374,pv,1511679219
672661,1436062,965809,buy,1511679219
990691,540766,2465336,pv,1511679220
189755,2608209,4145813,pv,1511679220
474058,661499,2558244,pv,1511679220
211753,4833786,2465336,pv,1511679220
233226,1152237,5096198,pv,1511679220
157472,374712,2986945,pv,1511679220
703087,3367290,2440364,pv,1511679220
953771,2922550,4145813,pv,1511679220
395086,600581,4756105,cart,1511679220
617033,2053106,2355072,pv,1511679220
208495,1017193,2129666,pv,1511679220
866524,4174358,1729993,pv,1511679220
545048,97268,5106813,pv,1511679220
372756,2631455,3570656,pv,1511679220
410446,801409,3607361,pv,1511679220
594457,3609595,1265358,pv,1511679220
388103,2106999,4217906,pv,1511679221
476938,3294381,903809,pv,1511679221
626683,887446,1813610,pv,1511679221
930921,1434538,4606718,pv,1511679221
913600,3083565,154040,pv,1511679221
919710,357631,3576283,pv,1511679221
629960,593916,578983,pv,1511679221
85960,80704,4936889,pv,1511679221
132533,4373449,4758477,cart,1511679221
274054,3889238,3004853,pv,1511679221
178742,4991627,5140516,cart,1511679221
769902,1407545,2287226,pv,1511679221
56965,4362641,903809,pv,1511679222
710286,1366286,1320293,pv,1511679222
427792,1316281,4731191,fav,1511679222
253144,545619,2725426,pv,1511679222
683102,2528787,570735,pv,1511679222
215085,3495061,348175,pv,1511679222
212960,526014,2355072,pv,1511679222
641217,1137369,332127,pv,1511679222
296814,1128686,4273662,pv,1511679222
350729,1071274,222147,pv,1511679222
21746,2805466,3231625,pv,1511679222
119239,1574298,1379146,cart,1511679222
22970,2201805,846990,pv,1511679222
458904,1334509,1420205,pv,1511679222
206504,1843309,2640118,cart,1511679222
480394,3693538,1567637,pv,1511679222
434608,2712673,4181361,pv,1511679222
67494,2756790,1548278,pv,1511679222
472949,3393692,4244487,cart,1511679222
286049,1523879,1464116,pv,1511679222
362655,571351,3002561,pv,1511679222
225749,1842573,226341,pv,1511679222
347645,5089027,3299155,pv,1511679222
50819,5063886,564681,pv,1511679223
718452,280912,4553088,pv,1511679223
61343,43751,672001,pv,1511679223
863165,1940367,3865465,pv,1511679223
205657,2553672,3002561,pv,1511679223
932218,155943,3790162,pv,1511679223
390849,4531297,4145813,pv,1511679223
136818,4364929,903809,pv,1511679223
289792,890043,4558987,pv,1511679223
282167,3382083,672001,pv,1511679223
161993,2768575,4921805,pv,1511679223
119614,4797847,1275696,pv,1511679223
932386,3334438,3100759,pv,1511679223
1004266,2495755,4170419,pv,1511679224
981763,890188,3607361,pv,1511679224
525860,5163006,1216617,pv,1511679224
677394,3652635,154040,pv,1511679224
411295,2371124,4789432,pv,1511679224
96676,1635706,1879194,pv,1511679224
859791,2658035,1275696,pv,1511679224
872354,1988091,4756105,pv,1511679224
267861,2172530,4756105,pv,1511679224
645330,2311795,1299190,pv,1511679224
707154,1880581,4203730,pv,1511679224
658562,4935392,211810,pv,1511679224
321160,1515319,1528701,pv,1511679224
325633,178066,1984197,pv,1511679224
996607,434279,1729993,pv,1511679224
663348,2439775,1320293,pv,1511679224
406529,420249,3832749,buy,1511679224
410136,5112786,3607361,pv,1511679225
937314,3446608,3616520,pv,1511679225
180298,2901935,1068933,pv,1511679225
463054,4360682,4993094,pv,1511679225
367506,136277,2465336,pv,1511679225
195859,2840788,965809,pv,1511679225
287515,781930,2896142,pv,1511679225
166973,3260889,4464320,pv,1511679225
893443,3861233,3002561,pv,1511679225
283431,1024178,4958794,pv,1511679225
730190,4736930,982926,fav,1511679225
402021,3301386,2355072,pv,1511679225
536072,4319689,4350978,pv,1511679225
652593,1924353,2885642,pv,1511679225
202951,2230805,4801426,pv,1511679225
731358,474064,4145813,pv,1511679226
867643,4473114,4897718,pv,1511679226
728528,3468419,4181361,buy,1511679226
525318,1524749,3391862,pv,1511679226
915627,1976227,5053648,pv,1511679226
208186,1972901,149192,pv,1511679226
1000202,4910904,4700878,pv,1511679226
765864,3834207,2735466,cart,1511679226
490004,4657300,1729993,pv,1511679226
692328,3236844,2154867,cart,1511679226
646650,2418125,1868174,pv,1511679226
342429,3600094,4217906,pv,1511679226
48102,3192089,2885642,pv,1511679226
967526,4667603,2355072,pv,1511679226
769101,3839706,3777010,pv,1511679227
531956,1004488,4801426,pv,1511679227
353789,111819,4159072,pv,1511679227
179318,4795972,1859277,pv,1511679227
876269,3194061,4145813,pv,1511679227
559615,1559329,873792,pv,1511679227
632582,3012125,3299155,pv,1511679227
982678,3063059,4756105,buy,1511679227
25284,2443312,1485951,pv,1511679227
618688,2176009,384755,pv,1511679227
407596,2253495,112445,pv,1511679227
91712,2185553,4801426,cart,1511679227
154479,936525,2945933,pv,1511679227
584522,4689695,4022701,pv,1511679227
643806,1962316,84264,pv,1511679227
173837,3091543,982926,pv,1511679227
609886,1344930,1320293,pv,1511679227
470969,2694930,3607361,cart,1511679227
394737,1006388,1879194,pv,1511679227
968743,3550886,4873899,pv,1511679227
781675,1033931,4801426,fav,1511679228
921340,2907744,2355072,pv,1511679228
757564,4580315,2355072,pv,1511679228
207759,5001109,2693696,pv,1511679228
1011245,4859644,3415144,pv,1511679228
482988,3929485,982926,pv,1511679228
823011,3478357,3335147,pv,1511679228
739550,1810786,2920476,pv,1511679228
309716,2319849,2520377,pv,1511679228
181086,2295555,3231625,pv,1511679228
211182,1719063,2631608,pv,1511679228
18116,2525438,4181361,pv,1511679228
460983,2073355,149192,fav,1511679229
757409,4901445,4801426,pv,1511679229
56166,3661170,3879308,pv,1511679229
882965,2755438,2748804,pv,1511679229
274668,1096851,1881956,pv,1511679229
969128,1967801,2520377,pv,1511679229
294700,4822158,1574064,pv,1511679229
615813,2868448,3407883,pv,1511679229
621534,4192106,4145813,pv,1511679229
893858,1702053,4145813,pv,1511679229
507218,253437,1275696,pv,1511679229
525662,4396263,4743234,pv,1511679229
328173,276913,2465336,pv,1511679229
490093,4817039,1320293,pv,1511679229
226136,2916201,921799,pv,1511679230
799350,4733120,411153,pv,1511679230
397253,2442169,605882,pv,1511679230
544461,2826104,238434,pv,1511679230
775320,4719226,941949,pv,1511679230
16707,2413650,2393184,pv,1511679230
900215,2510523,4719814,pv,1511679230
369164,2870031,3456641,buy,1511679230
990129,3560526,3358615,pv,1511679230
511356,2663825,4298656,pv,1511679230
1009484,4010925,4589142,pv,1511679230
724963,144453,1464116,pv,1511679231
184558,2314769,2735466,fav,1511679231
718325,2288469,4082778,pv,1511679231
136023,3345847,4355436,pv,1511679231
24562,4376740,2578647,pv,1511679231
626911,504870,2355072,pv,1511679231
906052,4032149,4756105,pv,1511679231
806098,144319,3607361,pv,1511679231
776525,1438064,3607361,pv,1511679231
10533,652545,1575622,pv,1511679231
889285,3443288,4643350,pv,1511679231
582211,1887789,4148053,pv,1511679231
645329,423846,3367924,pv,1511679231
971393,4642770,3738615,pv,1511679231
903285,2513083,2520377,pv,1511679231
609825,1777668,2920476,pv,1511679231
677173,3564061,4818107,pv,1511679231
768414,1112085,3299155,pv,1511679231
52554,4076418,4145813,pv,1511679232
409694,4270540,1299190,pv,1511679232
472949,1979651,4244487,pv,1511679232
298211,1361796,924708,pv,1511679232
584217,1610963,753984,cart,1511679232
648967,3967076,4145813,pv,1511679232
656954,5143000,3836451,pv,1511679232
778114,926881,4062559,cart,1511679232
638905,4023178,2465336,pv,1511679232
526830,4212610,874415,pv,1511679232
399553,2057048,3980900,pv,1511679232
93332,4875253,4145813,pv,1511679232
856950,2390888,2355072,pv,1511679232
834188,3733217,1051370,pv,1511679232
469941,2037066,2085893,cart,1511679232
361480,1426790,3320579,pv,1511679232
1014940,100157,672001,pv,1511679232
216406,2894864,4756105,pv,1511679232
920321,762861,3002561,pv,1511679232
809560,1025164,2578647,pv,1511679232
167176,646297,4756105,pv,1511679232
649803,1111412,1429156,pv,1511679233
304492,1512485,982926,pv,1511679233
356114,4624696,4690421,pv,1511679233
658421,866679,1467750,pv,1511679233
794471,4881439,4756105,pv,1511679233
149925,2569177,2885642,pv,1511679233
350630,1189660,4145813,pv,1511679233
265670,2507987,3738615,pv,1511679233
72890,3193375,4170419,pv,1511679233
447872,4307453,3909718,pv,1511679233
897648,3458920,2440115,cart,1511679233
840088,4663020,2979796,pv,1511679233
759858,705535,1464116,pv,1511679233
523511,1302617,4121221,pv,1511679233
974131,2533552,1723409,pv,1511679234
234104,1530693,4181361,pv,1511679234
597956,1331755,1080785,pv,1511679234
300883,4223415,2465336,pv,1511679234
911500,267184,4267003,pv,1511679234
627364,3190050,4643350,pv,1511679234
761020,2955042,5071267,pv,1511679234
158141,285905,4756105,pv,1511679234
122969,1122486,285583,pv,1511679234
857917,2936462,339580,pv,1511679234
85210,3624683,4583884,pv,1511679234
76291,4483735,1691286,pv,1511679234
511871,24358,4181361,pv,1511679234
912525,3271793,4533189,pv,1511679234
690466,1760763,3595690,cart,1511679234
181743,2239259,149192,pv,1511679234
640861,4729176,4834913,buy,1511679234
381596,520531,2520377,pv,1511679235
487363,3316844,2050292,fav,1511679235
317703,3979380,3607361,pv,1511679235
550770,3796956,2465336,pv,1511679235
20169,5033407,1792277,pv,1511679235
379257,1828490,2982027,pv,1511679235
32332,4267585,3065645,pv,1511679235
761715,152194,1343413,pv,1511679235
655566,2800650,1575622,pv,1511679235
675837,573095,4181361,cart,1511679235
437280,657083,401357,cart,1511679235
503213,609649,4789432,pv,1511679236
550301,1691987,624370,pv,1511679236
348660,1912016,982926,cart,1511679236
847705,2327418,1008362,pv,1511679236
386594,1230688,466400,pv,1511679236
657692,620331,4655941,pv,1511679236
638797,1707534,4576874,pv,1511679236
498312,3247498,428367,pv,1511679236
173994,17398,2355072,pv,1511679236
555234,2435118,3002561,pv,1511679236
407436,4359968,3855599,pv,1511679236
115840,757453,1729993,pv,1511679236
558895,3824116,4756105,pv,1511679236
31450,1383763,3189162,pv,1511679236
326877,2914266,4181361,pv,1511679236
505355,1526514,238434,pv,1511679236
642147,1728843,3299155,buy,1511679236
17393,2613271,4756105,pv,1511679237
803419,2199057,2033408,pv,1511679237
272453,1762875,4756105,pv,1511679237
313524,3531441,2352202,pv,1511679237
535842,3571421,3102419,pv,1511679237
836973,3404760,2355072,pv,1511679237
106523,1719844,982926,pv,1511679237
718296,4802487,4936889,pv,1511679237
509026,542838,4882154,fav,1511679237
313510,4958740,1567637,pv,1511679237
804153,2168395,1884568,cart,1511679237
271695,3643286,570735,pv,1511679237
785035,4499536,2796506,buy,1511679237
663561,2842951,5099474,pv,1511679237
543510,3476460,171529,pv,1511679237
510990,2287769,4801426,pv,1511679237
933892,3677786,1020087,pv,1511679237
497850,423134,4217906,buy,1511679237
118223,117387,139590,pv,1511679237
792311,2462431,2440115,pv,1511679238
295546,726184,1467750,pv,1511679238
220442,4209050,570735,pv,1511679238
514498,2292562,4181361,pv,1511679238
327171,4370372,1521931,pv,1511679238
599012,898319,4145813,pv,1511679238
130181,1706789,4217906,pv,1511679238
517341,4107881,3805065,fav,1511679238
515836,3783464,4756105,cart,1511679238
529484,4724845,1050007,pv,1511679238
833180,3155617,243423,pv,1511679238
1007333,3441188,339580,pv,1511679238
128564,4276549,570735,pv,1511679238
502532,1957936,3768664,pv,1511679238
122097,4572930,2520377,pv,1511679238
645794,4694146,2640118,pv,1511679238
914834,310906,4801426,pv,1511679238
513683,588661,5071267,pv,1511679238
760356,619959,3607361,pv,1511679239
620,1301138,2858794,pv,1511679239
129384,1063251,3607361,pv,1511679239
566912,2980850,149192,pv,1511679239
179043,3765079,3607361,pv,1511679239
38923,452391,3711641,pv,1511679239
620736,3022247,4672807,fav,1511679239
38516,153251,245312,pv,1511679239
668771,4897351,941949,pv,1511679239
924481,3195962,2297500,pv,1511679239
305195,4841141,149192,fav,1511679239
915459,1119884,2465336,pv,1511679239
535425,4642588,2581941,pv,1511679239
859791,4454044,2640118,pv,1511679239
67711,4148824,1050007,pv,1511679239
956551,767831,4145813,pv,1511679240
948196,951352,64179,pv,1511679240
881818,11517,2735466,pv,1511679240
47900,3526455,238434,pv,1511679240
189540,2008557,1061857,pv,1511679240
588944,426446,3371868,pv,1511679240
350679,2975272,4533189,pv,1511679240
127721,1568553,2355072,pv,1511679240
494963,309988,2355072,pv,1511679240
988974,4846705,1464116,pv,1511679240
576804,3330424,4170419,pv,1511679240
731821,2893099,2926020,pv,1511679240
508967,3727905,4756105,pv,1511679240
734071,560771,3607361,pv,1511679240
9710,1299426,1029459,pv,1511679240
927644,2427070,2352202,pv,1511679240
245731,2883073,238434,pv,1511679240
444776,318686,3738615,pv,1511679240
455245,3354153,4292119,pv,1511679241
565445,2898153,4498047,pv,1511679241
487143,1749653,996449,pv,1511679241
374794,901563,965809,pv,1511679241
949074,2909328,1766039,pv,1511679241
143042,3040174,3720767,pv,1511679241
38378,1334278,4022701,cart,1511679241
435636,1219221,4756105,pv,1511679241
895663,2591081,2690744,pv,1511679241
543029,3440987,3112817,pv,1511679882
905427,2178447,2920476,pv,1511679882
460632,1957084,285583,pv,1511679882
796479,2628960,940822,pv,1511679883
728996,2769778,1367932,pv,1511679883
524343,4332277,2558244,pv,1511679883
397075,848474,2355072,pv,1511679883
68929,762246,154040,pv,1511679883
175874,328316,2355072,pv,1511679883
48717,239754,4145813,pv,1511679883
163170,4546029,883960,pv,1511679883
10484,489165,1629035,pv,1511679883
252198,2062945,570735,pv,1511679883
72890,2498001,4170419,pv,1511679883
145581,4489365,3158249,pv,1511679883
511175,1386441,3561974,pv,1511679883
935057,4224479,4756105,pv,1511679883
245076,2583381,376030,pv,1511679883
272592,1931930,3645362,pv,1511679883
666590,373415,982926,pv,1511679884
525593,3753854,982926,pv,1511679884
253339,1136194,4764977,pv,1511679884
587689,2647897,4145813,pv,1511679884
784303,4858377,4145813,pv,1511679884
887059,3778821,200278,pv,1511679884
427243,2977761,4756105,pv,1511679884
321864,2388320,3645362,pv,1511679884
757592,2764971,4756105,pv,1511679884
129001,4317199,4217906,pv,1511679884
933792,4501722,4159072,pv,1511679884
88472,4044796,2355072,pv,1511679884
104201,1823026,4643350,pv,1511679884
36045,2228351,1080785,cart,1511679884
797768,1661025,4145813,pv,1511679885
299860,298284,3459125,pv,1511679885
836172,4702484,3158249,pv,1511679885
967157,4398545,2640118,pv,1511679885
13179,2942023,903809,cart,1511679885
255827,3974137,1320293,pv,1511679885
550788,4275963,4357323,pv,1511679885
366121,3142038,1312642,pv,1511679885
697723,278000,2520377,pv,1511679885